:020000040800F2
:10000000D00F00207D0200083D3C0008851D00083F
:10001000153C0008990B000801680008000000006A
:10002000000000000000000000000000F14E000889
:100030008D0C000800000000413C0008DD4F000866
:10004000970200089702000897020008970200082C
:10005000970200089702000897020008970200081C
:10006000970200089702000897020008970200080C
:1000700097020008970200089702000897020008FC
:1000800097020008970200089702000897020008EC
:1000900097020008970200089702000897020008DC
:1000A00097020008970200089702000897020008CC
:1000B00097020008970200089702000897020008BC
:1000C00097020008970200089702000897020008AC
:1000D000970200089702000897020008970200089C
:1000E00097020008970200089702000800F002F843
:1000F00000F09AF814A696E8000CB244B344DA452E
:1001000001D100F091F8BAE80F000FA696E8300090
:10011000A5EB040504EB0607AAEB0704A7F101070A
:100120004FEA15154FEA3414A4F10104AC4201D38F
:1001300000F07AF813F0010F18BFFB1A43F0010327
:1001400000F001F8DBE7184728940000489400000D
:100150000A444FF0000C10F8013B13F0070408BFED
:1001600010F8014B1D1108BF10F8015B641E05D08B
:1001700010F8016B641E01F8016BF9D113F0080F40
:100180001EBF10F8014BAD1C0C1B09D16D1E58BFD2
:1001900001F801CBFAD505E014F8016B01F8016B09
:1001A0006D1EF9D59142D6D370470000704700000C
:1001B0000023002400250026103A28BF78C1FBD870
:1001C000520728BF30C148BF0B607047692900F053
:1001D000EB80642900F0E880752900F0E5806F2944
:1001E00000F07C81782900F0A3810368DB0928BF37
:1001F00041F08001632900F02C83732900F03183E2
:10020000E32900F03C83002070471FB500F095FA09
:1002100000F094FB04000020002106F085FC401C47
:1002200060601FBD10B510BD00F062FB1146FFF706
:10023000ECFF06F01BFB00F085FB03B4FFF7F2FFB9
:1002400003BC00F0CFFB00000B49D1F800C04A68A6
:100250005CF8043B1068184442F8040B8C4528BF36
:10026000A1F1DC0C8A4228BFA1F1DC02C1F800C078
:100270004A6020F0004070479407002009488047FA
:1002800009480047FEE7FEE7FEE7FEE7FEE7FEE778
:10029000FEE7FEE7FEE7FEE704480549054A064B90
:1002A00070470000ED4F0008ED000008D009002065
:1002B000D00F0020D00B0020D00B00200FB41CB5B5
:1002C000074B06AA7B4469460090059800F09FFA08
:1002D0000020694600F0AEFA1CBC5DF814FB00007B
:1002E0006D05000070B5044685690068C10601D53A
:1002F000302600E02026C00707D070BDD4E90121D8
:1003000030469047206A401C20626D1EF6D570BDB5
:1003100070B5044685690078C00707D170BDD4E97F
:10032000012120209047206A401C20626D1EF6D5D6
:1003300070BD09684A0501D540B27047C905FCD5B2
:1003400000B2704709684A0501D5C0B27047C905B7
:10035000FCD580B2704770B50C460546012A05D021
:100360002878800600D5EA69002302E0012305E031
:100370005B1C934202D2E05C0028F9D1A869E61820
:10038000C01AA861286A184428622846FFF7AAFF05
:1003900004E0D5E9012114F8010B9047B442F8D3E9
:1003A0002846FFF7B5FF70BD2DE9F0410646002451
:1003B00010687529314616A510D0FFF7BAFF00283E
:1003C00002DA404213A507E031688A0701D512A579
:1003D00002E0490704D511A5012401E0FFF7B2FFAF
:1003E00000210A2206F1240709E0B0FBF2FCB0FB71
:1003F000F2F302FB1C00303078541846491C0028E8
:10040000F3D123462A463046BDE8F04100F0A1B9B9
:10041000000000002D0000002B0000002000000064
:100420002DE9FF5F15468A460446DFF8AC80F844A4
:100430000027D8E900103E46CDE9001010E03AF858
:1004400016106A4602A800F026FA411C07D021784F
:10045000890603D5E269391891420DD80744761C04
:100460002078800602D5E069B84205DDAE42E6DBC1
:100470003AF816000028E2D1A069C01BA06120460E
:10048000FFF730FFD8E90010CDE90010002017E099
:100490003AF818106A4602A800F0FDF9B0F1FF3FE3
:1004A00081460BD000250DF1080B05E0D4E90121B0
:1004B0001BF8050090476D1C4D45F7D308F101006E
:1004C000B0428046E4DB206A384420622046FFF7D1
:1004D0001FFFBDE8FF9F00002267000070B50446C3
:1004E00021461068FFF72EFF002104F1240505E0E6
:1004F00000F007023032C0086A54491C0028F7D1C6
:100500002068002308A2050708D500F02000084352
:1005100004D0E069012305A2401EE0612046BDE849
:10052000704000F016B9000000000000300000002C
:1005300070B504460D4621461068FFF703FF218879
:10054000090502D50F4A7A4402E00E4A7A440E3277
:10055000002104F1240305E000F00F060009965D78
:100560005E54491C0028F7D120780023000704D5E9
:10057000702D02D009B1022311322046BDE870402F
:1005800000F0E7B8126600002DE9F05F89460446E6
:100590004FF0000ADFF874B1FB44C0F820A02046F9
:1005A000E1688847002874D0252806D0D4E90121C5
:1005B0009047206A401C2062F1E700265F462046F3
:1005C000E16888472028054607DB312D05D27819D8
:1005D00010F8200C08B10643F1E7B00701D526F06A
:1005E0000406C4F81CA00027C4F818A02A2D09D0BE
:1005F000284606F091FA38B304EB8708303DC8F876
:10060000185019E059F8041B204604EB8702916149
:10061000E1688847012F054618D1E069002820DAF3
:1006200026F020061DE0D8F8180000EB800005EB4E
:1006300040003038C8F818002046E1688847054671
:1006400006F06AFA0028EED1012F0AD02E2D08D12B
:100650002046E16888477F1C0546022F46F02006A9
:10066000C4DBA069002803DA404246F00106A0611D
:10067000F00701D026F010066C2D0BD0682D09D0A4
:100680004C2D39D06A2D35D0742D35D07A2D33D0FC
:1006900016E038E0E1682F4620468847B842054614
:1006A00009D16C2F26D04FF48060E16806432046C4
:1006B0008847054604E06C2F1AD04FF4807006433B
:1006C0000DB3A5F14100192802D8203546F4006683
:1006D0004A462946204626604E46FFF777FD80B100
:1006E00001280BD0F61D26F0070000F1080956E797
:1006F0004020E4E78020D8E70020D6E706F104098F
:100700004DE7284652E7206ABDE8F09FE865000003
:100710000B4910B5A1F17C020A4CC2E9371237210E
:1007200006E000EB104342F82130074B00FB03408A
:100730000B1EA1F10101F4DC10BD0120E8E700006F
:1007400034070020E119D666CD0D010070477047CF
:1007500070472DE9F0470D4699469246044600F150
:1007600024080168880604D5E06921F010012160A1
:1007700000E00120A84201DD471B00E00027A1693D
:100780007A1902EB0900081AA0612078C00602D489
:100790002046FFF7A7FD002608E0D4E901211AF85A
:1007A00006009047206A401C761C20624E45F4DB10
:1007B0002078C0060AD52046FFF794FD06E0D4E96C
:1007C000012130209047206A401C2062381EA7F18A
:1007D0000107F4DC07E0D4E9012118F8050090478F
:1007E000206A401C2062281EA5F10105F3DC20468A
:1007F000FFF78EFD2078000602D50220BDE8F087C5
:100800000120FBE701694A1C02610878704700B5C6
:100810008FB0CDE901310021059105497944CDE939
:10082000031011466846FFF7AFFE0FB000BD000091
:10083000E5FFFFFF0A6802F8010B0A60704710B578
:10084000436913B1AFF3008001E0FFF784FD01209D
:1008500010BD127800F124010A7000224A700122B2
:10086000EDE711684FF0FF32E9E710B5436913B1C6
:10087000AFF3008001E0FFF7D3FD012010BD128827
:1008800000F1240182840022C2840122EDE7116874
:100890004FF0FF32E9E72DE9F04116460C460546D8
:1008A00000F01EF8036893F80101012807D0FF2C1F
:1008B00012D8185D80B101202C70BDE8F081D3F80A
:1008C00007013246214603F20713C7182846BC46E3
:1008D000BDE8F041002360474FF0FF30EDE7000036
:1008E00010B500F02BF8001D10BD00BF3D620000E8
:1008F000754600F031F8AE4605006946534620F0D3
:100900000700854618B020B5FFF7C6FCBDE82040BB
:100910004FF000064FF000074FF000084FF0000BBB
:10092000AC46ACE8C009ACE8C009ACE8C009ACE82A
:10093000C00921F007018D4670470000004870474C
:10094000BC07002010B50446AFF300802046BDE888
:100950001040FFF772BC0000004870479C07002061
:100960004FF0013C50F8042B51F8043B9A4221D13E
:10097000A2EB0C03934313EACC1317D150F8042BCA
:1009800051F8043B9A4215D1A2EB0C03934313EAAE
:10099000CC130BD150F8042B51F8043B9A4209D1E7
:1009A000A2EB0C03934313EACC13DBD04FF000000F
:1009B000704700BFD01A01BAB1FA81F101F01801F5
:1009C00022FA01F0CB40DBB2C0B2C01AC1F1200163
:1009D0002CFA01F3D11A914311EAC311E6D1704701
:1009E0007047000001491820ABBEFEE72600020058
:1009F000B0B540F68C04C2F200042068002808BF9D
:100A0000B0BD6168A1B103F01DF92068217D03F03C
:100A10002DFA0146E08260680025257503F004F98F
:100A2000606881690029DABF856102200120207297
:100A3000B0BD0000B0B540F68C04C2F200042068DE
:100A4000002808BFB0BD6068D0B103F0E5F8606869
:100A500003F0E4F801462068A27CA37A218303F026
:100A600035FA0146208320680025A574658103F0CE
:100A70003FFA206881690029DCBF85610325257262
:100A8000B0BD000040F68C01C2F200010844807B3A
:100A90007047000070B540F68C05C2F2000528686A
:100AA000D8B16968002908BF70BD03F0D1F82C687F
:100AB000204603F0FBF94FF0000618B16868808B00
:100AC00001E000BF0020AB7AAA7C01B2204603F00F
:100AD000FDF92883AE746E812E7270BD40F68C00D5
:100AE000C2F20000012141810172704710B540F649
:100AF0008C04C2F200042068002808BF10BD03F077
:100B0000BBF80020207210BD40F68C00C2F200003D
:100B1000007A704740F68C02C2F20002C2E900017E
:100B20000023006BC2F81630C2F80E004869137239
:100B3000C2F80A305382137588617047B0B5044615
:100B400003284FF0000025D840F68C05C2F20005BE
:100B50002968002908BFB0BD2819807B80B1013801
:100B60002A1990730846214603F0CCF940B1032CB2
:100B70000CD0022C06D0012C04BF0120A87407E081
:100B80000020B0BD0120E87402E000BF01202875FC
:100B900001202872B0BD0000FEE7000040F2AD1158
:100BA00040F6A800C2F20001C2F200000A78017803
:100BB000013A8A42C4BF01310170704740F6A80073
:100BC000C2F2000000210170704700002DE9F047DB
:100BD00084B040F60048C4F201088A460646404602
:100BE0004FF4805100224FF0000900F093F980206B
:100BF00040F66C1540EA4600C2F200058DF8090087
:100C000064240DF1090102AA28460123009400F092
:100C1000C7FE0DF10B010DF10A02284601238DF8E4
:100C20000B90009400F0BCFE9DF80A7040464FF413
:100C30008051012200F06EF940464FF480510022AD
:100C400027EA0A0700F066F97E2000EA46008DF8E0
:100C50000D000DF10D0103AA28460123009400F0B8
:100C60009FFE0DF10F010DF10E02284601238DF8B4
:100C70000F70009400F094FE40464FF48051012222
:100C800000F048F904B0BDE8F087000070470000AC
:100C900040F2FC71C2F20001C8780022CA707047AD
:100CA00040F2FC71C2F20001487800224A7070479D
:100CB00040F2FC71C2F20001887800228A7070470D
:100CC00040F2FC71C2F20001087800220A707047FD
:100CD000B0B5044600F024F9054640F20000C2F227
:100CE00000000078611C18BF044400BF00F018F930
:100CF000401BA042FAD3B0BD2DE9F04F82B00E6880
:100D0000002E00F0FD8041F20042C4F201020423F3
:100D100040F2004E904208BF03234FF6FF7CC4F21E
:100D2000010E009300240123C1F2100C4FF0000AC1
:100D30004FF000094BE000BF41F20002C4F2010293
:100D4000009F904208BF022704F00C030F229A4034
:100D50002BEA020207FA03F34FEA9A051A4346F810
:100D600025204E6840F20C45F202DEF8082054BF00
:100D700022EA080242EA0802C4F20105CEF808207D
:100D80002A68B30254BF22EA080242EA08022A6033
:100D9000B303DEF8042054BF22EA080242EA080244
:100DA000F303CEF80420DEF800204FF0010354BF17
:100DB00022EA080242EA0802CEF800200E680AF190
:100DC000010A36FA0AF204F1040400F0998003FAE9
:100DD0000AFB16EA0B08F1D04E68664512DC122EAB
:100DE00056D8DFE806F0350B4D4955555555555544
:100DF0005555555555555545510000BFD1F80C90E6
:100E000046E000BF4FF6FF72C1F2210296420FDCAE
:100E10000022C1F2110296421AD00022C1F212023F
:100E2000964215D00022C1F22102964210D02FE046
:100E30000022C1F2220296420AD00022C1F23102FF
:100E4000964205D00022C1F23202964220D100BF64
:100E50008A684AB1012A14BFC0F814B0C0F810B0B3
:100E60004FF0080914E000BF4FF0040910E000BF84
:100E7000CA6802F104090BE04FF0000908E000BF66
:100E8000CA6802F1080903E0CA6802F10C0900BF50
:100E900002462646B8F5807F24BF0432203E1768FC
:100EA0000F25B54027EA050509FA06F63543156012
:100EB000CA79D2067FF582AF41F21803C4F2020369
:100EC0001A68AEF57E7642F001021A601A6802F0E6
:100ED00001020192019A2AF0030256F802B040F68C
:100EE0000002C4F20102904208D040F60042C4F26F
:100EF000010290427FF420AF012725E7002723E776
:100F000002B0BDE8F08F00008068084018BF0120E3
:100F100070470000002A08BF090401617047000003
:100F200040F6C810C2F200000068704740F20000AE
:100F300040F6C811C2F20000C2F2000100780A684F
:100F4000104408607047000080B542F20000C4F20F
:100F50000200016841F010010160032000F07AF8FE
:100F60000F2000F005F800F027F8002080BD0000F9
:100F700070B540F20006C2F2000640F2DC013278A1
:100F8000C2F200014FF47A730968B3FBF2F204462F
:100F9000B1FBF2F1084600F06DFE0F2C4FF0010599
:100FA00008D838B94FF0FF3021460022002500F064
:100FB00025F87460284670BD82B041F21800C4F272
:100FC00002000168022241F001010160016801F0A4
:100FD000010101910199416841F0805141604068EF
:100FE00000F08050009000980420C4F201000168D5
:100FF00062F31A61016002B07047000010B54EF64E
:101000000C5CCEF2000CDCF80030C3F3022E8EF044
:101010000704042C28BF0424BEF103034FF0FF3E55
:101020000EFA04F438BF0023A14399400EFA03F3EB
:101030009A43114300F00F0200F160430901043AA2
:1010400003F564436244002848BF02F10C031970A1
:1010500010BD00004EF60C51CEF200010A684FF6AA
:10106000FF031A4060F30A2242F0806040F0FD70F6
:1010700008607047002804BF012070472DE9F04345
:1010800081B042F20008C4F202080446D8F8000019
:101090000D4600F0070081420CD9D8F8000020F07E
:1010A00007002843C8F80000D8F8000000F0070047
:1010B000A8426CD1206841F204098107C4F20209F8
:1010C00017D5410705D5D9F8001041F4E061C9F8FA
:1010D0000010010705D5D9F8001041F46051C9F896
:1010E0000010D9F80010A26821F0F0011143C9F8EE
:1010F0000010C00742D1D8F8000000F00700854278
:101100000CD2D8F8000020F007002843C8F80000EF
:10111000D8F8000000F00700A84238D12068410745
:1011200007D5D9F80010E26821F4E0611143C9F84D
:101130000010000708D5D9F80000216920F460509C
:1011400040EAC100C9F80000D9F8002002F00C0004
:10115000082841F20020C0F27A004DD149F2BC3398
:10116000C2F38341C0F60003595CD20338D440F681
:101170000010C0F23D0048433EE000BF606859F8EF
:10118000041C022808D0012826D1890306D4012096
:1011900001B0BDE8F08300BF8901F8D5D9F800108F
:1011A00021F003010843C9F80000FFF7B9FE064625
:1011B00041F28837D9F80000616800F00C00B0EB0C
:1011C000810F98D0FFF7ACFE801BB842F2D9032004
:1011D00001B0BDE8F08300BF8907D8D5DEE700BFC6
:1011E000D9F8002049F2BA33C2F34042C0F60003F6
:1011F0009A5C4843B0FBF2F0D9F8001046F69532FD
:10120000C1F30311C0F60002515C40F2DC0220FA87
:1012100001F140F20400C2F200000068C2F20002D4
:101220001160FFF7A5FE002001B0BDE8F0830000CB
:10123000002804BF012070472DE9F04182B0044628
:10124000007841F20006C007C4F202060CD07068B4
:1012500000F00C00042840F081803068800303D542
:101260006068002800F04681207880071BD57068F0
:1012700010F00C0F09D0706800F00C00082840F046
:1012800087807068C00300F183803068800703D5D1
:101290002069012840F02E813068616920F0F80053
:1012A00040EAC10030602078000713D4207840075E
:1012B0002CD4E569002D00F01881706800F00C0056
:1012C000082840F0A780012D40F00481012002B0E1
:1012D000BDE8F081A069002800F084800020C4F2FD
:1012E00042200121C0F88014FFF71AFE054600BF16
:1012F000706A800700F1B280FFF712FE401B0228DF
:10130000F6D9032002B0BDE8F08100BFF0695FEAC2
:10131000C00808D4F06940F08050F061F06900F036
:1013200080500090009847F20007C4F20007386828
:10133000C00549D4386840F480703860FFF7F0FD8C
:10134000054600BF3868C0053ED4FFF7E9FD401BE5
:101350006428F7D9032002B0BDE8F081706800F07E
:101360000C00082803D17068C0033FF576AF6168B0
:101370003068002900F00C81B1F5A02F00F0008149
:10138000B1F5803F40F01A8140F480301CE100BF8D
:101390002069002840F20000C4F2422000F088805A
:1013A00001210160FFF7BCFD054600BF30688007E2
:1013B0003FF572AFFFF7B4FD401B0228F6D90320BA
:1013C00002B0BDE8F08100BFE168306A002900F09A
:1013D0009D80052900F09280012940F0AF8040F007
:1013E0000100B1E00020C4F242200021C0F88014C6
:1013F000FFF796FD054600BF706A80077FF556AF80
:10140000FFF78EFD401B0228F6D9032002B0BDE88D
:10141000F08100BF0027C4F2422700203866FFF7A2
:101420007FFD022D05460DD13068800140F1DE8040
:10143000FFF776FD401B02284FF00300F4D902B0FD
:10144000BDE8F081306880014FD5FFF769FD401B92
:1014500002284FF00300F5D9F1E700BF40F2DC00AD
:10146000C2F20000006844F6D351C1F26201A0FB51
:101470000101480A019000BF00BF0198411E0028E9
:1014800001913FF413AF00BF0198411E0028019164
:101490003FF40CAF00BF0198411E002801913FF4BA
:1014A00005AF00BF0198411E00280191E4D1FDE67F
:1014B00000210160FFF734FD054600BF306880075A
:1014C0007FF5F1AEFFF72CFD401B02284FF0030023
:1014D000F4D9B4E77068216A00F480328A4209D1F5
:1014E000616A00F47010884204D1002002B0BDE8A7
:1014F000F08100BF012002B0BDE8F08140F004009F
:101500003062306A40F001001EE000BF20F00100B0
:101510003062306A20F004003062FFF701FD0546BA
:1015200041F28837306A800720D5FFF7F9FC401B6D
:10153000B8424FF00300F5D981E700BF20F0010069
:101540003062306A20F004003062FFF7E9FC0546A3
:1015500041F28837306A800708D4FFF7E1FC401B6E
:10156000B842F7D9032002B0BDE8F081B8F1000F0E
:101570003FF59FAEF06920F08050F06199E600BF22
:1015800040F480203060306840F480301CE000BFC0
:1015900020F480303060306820F480203060FFF725
:1015A000BFFC0546306880037FF55EAEFFF7B8FCF0
:1015B000401B64284FF00300F4D940E720F480304A
:1015C0003060306820F480203060FFF7A9FC0546C9
:1015D000306880033FF548AEFFF7A2FC401B64284B
:1015E000F6D9032002B0BDE8F08100BF206AB0F553
:1015F000803F05D17168A26821F400311143716008
:101600007168626A21F4741111430843706001200B
:101610003866FFF785FC0446306880013FF565AF0A
:10162000FFF77EFC001B02284FF00300F4D906E709
:1016300070B528B1416A29B100210161142106E089
:10164000012070BD4168B1F5827F02D01C210022CB
:1016500042500026866290F8511029B980F85060F7
:10166000054600F039F82846022180F8511090E82C
:101670002E0002F482720C6803F4044324F0400448
:101680000C601A4405F4006305691A4405F002036E
:1016900045691A4405F001038569C4691A4405F4D3
:1016A00000731A4404F03803046A1A4404F08003F7
:1016B000846A1A4304F400531A430A60042202EABB
:1016C00015424A60CA6922F40062CA610121466576
:1016D00080F85110304670BD70B586B0006843F692
:1016E0000001C4F2000188424FF00001CDE904116D
:1016F000CDE9021122D043F20001C4F20101884277
:101700004ED141F21800C4F20200016840F6000414
:1017100041F4805101600168402601F4805101913B
:1017200001990168C4F2010441F0040101600068FC
:1017300000F0040001900198A0201FE041F2180081
:10174000C4F2020041684FF4804641F48041416098
:10175000416801F4804101910199016841F008015B
:101760000160006800F008000190019840F6000058
:10177000C4F2010000F580644FF420400290022082
:101780000390032002AD059020462946FFF7B4FAE6
:101790000020CDE90300204629460296FFF7ACFA67
:1017A00006B070BD2DE9F04182B01D4616460F46C9
:1017B0000446FFF7B5FB94F8511001290ED180467D
:1017C000002F4FF0010018BF002E03D102B0BDE87A
:1017D000F08100BF94F85000012803D1022002B02C
:1017E000BDE8F081012084F850000320002184F836
:1017F000510061652763A686E686A163A187E1871C
:10180000A0682164B0F5004F2068616407D10168C9
:1018100021F040010160016841F4804101600168EC
:10182000490603D4016841F0400101606168731EFC
:10183000E268B1FA81F1B3FA83F349095B09B2F5C1
:10184000006F41EA030139D131B137F8021BC160A1
:101850002763E08E0138E086E08E002870D0681C97
:101860000BD11AE0216B31F8022BC2602163E08EAC
:101870000138E086E08E002862D020688168890700
:10188000F0D4FFF74DFBA0EB0800A842F2D338E0FC
:10189000FFF746FBE08E002852D020688168890758
:1018A000F6D5216B31F8022BC2602163E08E01383E
:1018B000E086E08E0028F0D142E000BF39B13978EF
:1018C0000173206B01302063E08E0138E086E08EEA
:1018D000B0B3681C0BD123E0216B09780173206B36
:1018E00001302063E08E0138E086E08E40B320684E
:1018F00081688907F0D4FFF713FBA0EB0800A8422A
:10190000F3D3012084F85100002084F85000032014
:1019100002B0BDE8F08100BFFFF702FBE08E78B1B6
:10192000206881688907F7D5216B09780173206BDE
:1019300001302063E08E0138E086E08E0028EFD190
:101940002046022101222B46CDF8008002F004FB44
:1019500040B92046802100222B46CDF8008002F0BD
:10196000FBFA28B1606D40F02000606520206065C2
:10197000A06838B9002001902068C1680191806892
:1019800001900198012084F85100002084F8500053
:10199000606D002818BF012002B0BDE8F081000092
:1019A0002DE9F04383B01E4615460F460446FFF767
:1019B000B7FA94F851108146012909D1002F4FF050
:1019C000010018BF002D0FD103B0BDE8F08300BFA8
:1019D0006068B0F5827F0DD104294FF00200F3D189
:1019E000A1680029EAD0EFE7002EEDD094F850006E
:1019F000012803D1022003B0BDE8F083012084F860
:101A0000500094F85100002104281CBF052084F8E0
:101A100051006165A563E687A6872763E68620688F
:101A2000A686216461640168490603D4016841F017
:101A3000400101606168731EE268B1FA81F1B3FA96
:101A400083F3DDF8288049095B09B2F5006F41EAAC
:101A5000030165D131B137F8021BC1602763E08E05
:101A60000138E086012518F1010032D102E000BF03
:101A7000FFF756FAE08E18B9E08F002800F0B88022
:101A80002068816889070CD5E18E51B1012D08D1FC
:101A9000216B002531F8022BC2602163E18E0139F0
:101AA000E1868168C907E3D0E18F0029E0D0C068F2
:101AB000A16B012521F8020BA163E08F0138E087BB
:101AC000D6E700BFFFF72CFAA0EB0900404580F0F5
:101AD000AF80E08E18B9E08F002800F08980206880
:101AE000816889070CD5E18E51B1012D08D1216B98
:101AF000002531F8022BC2602163E18E0139E186B5
:101B00008168C907DED0E18F0029DBD0C068A16BF6
:101B1000012521F8020BA163E08F0138E087D1E7AE
:101B200039B139780173206B01302063E08E0138C0
:101B3000E086012518F1010032D101E0FFF7F0F94C
:101B4000E08E10B9E08F002852D0206881688907A4
:101B50000ED5E18E61B1012D0AD1216B00250978E6
:101B60000173216B206801312163E18E0139E18627
:101B70008168C907E2D0E18F0029DFD0C068A16B7E
:101B800001250870A06B0130A063E08F0138E08769
:101B9000D4E700BFFFF7C4F9A0EB0900404547D2E6
:101BA000E08E08B9E08F18B32068816889070ED5E8
:101BB000E18E61B1012D0AD1216B002509780173F5
:101BC000216B206801312163E18E0139E186816852
:101BD000C907DFD0E18F0029DCD0C068A16B0125E7
:101BE0000870A06B0130A063E08F0138E087D1E777
:101BF0002046022101224346CDF8009002F0ACF9C4
:101C000040B92046802100224346CDF8009002F0E2
:101C1000A3F9B8B1606D40F02000606520206065D8
:101C2000002084F85000012003B0BDE8F08300BF1D
:101C3000012084F85100002084F85000032003B0F4
:101C4000BDE8F083A06838B9002002902068C16820
:101C50000291806802900298012084F851000020CF
:101C600084F85000606D002818BF012003B0BDE863
:101C7000F0830000411E0020B0EB116F1CBF01205B
:101C800070474EF21002CEF2000251604EF6235120
:101C9000CEF20001F0230B700721906011607047B5
:101CA000F0B581B040F60005C4F20105FFF738F940
:101CB000044628464FF40061FFF726F940F2080772
:101CC000C2F20007397840F2FC768842C2F2000680
:101CD0000CD17168611A14290AD33979884207D066
:101CE0000028387104BF0120307001E03870746042
:101CF00028464FF48061FFF707F9B97988420DD182
:101D0000B168611A14290BD3397A884208D00028A7
:101D1000387204BF0120707002E000BFB871B46077
:101D200028464FF40041FFF7EFF8B97A88420DD109
:101D3000F168611A14290BD3397B884208D0002836
:101D4000387304BF0120B07002E000BFB872F460C5
:101D500005F580600821FFF7D7F8B97B88420DD1DF
:101D60003169611A142907D3397C884204D00028CC
:101D7000387404BF0120F07001B0F0BDB873346155
:101D800001B0F0BDFEE7000070B584B040F2C405BC
:101D9000C2F20005D5E900304FF6E07649F2444240
:101DA0000024CDE90006C0F6000264201921029447
:101DB00003F054F8D5E9003049F23A42CDE9000683
:101DC000C0F6000264203221029403F047F8D5E9FE
:101DD000003049F24D42CDE90006C0F60002642011
:101DE0004B21029403F03AF8D5E9003049F255420C
:101DF000CDE90006C0F6000264206421029403F0DD
:101E00002DF804B070BD0000F0B581B0FA254FF692
:101E1000E0760446002808BF1E2508BF4FF4784628
:101E200028464B210A2233464FF6E07702F024F988
:101E30004620FEF74DFF28464B211122334602F083
:101E40001BF94620FEF744FF28464B211822334653
:101E500002F012F94620FEF73BFF002684B3D7209C
:101E60001E2140F231127723009602F0BBFAFA20CD
:101E700032210A224FF6E07302F0FEF8FA203C21EC
:101E8000FA225A23009702F0DBF9FA205A21E622BF
:101E90007823009702F0D4F9FA205A214FF4877280
:101EA0007823009702F0CCF9FA204B21E6224B234D
:101EB000009702F0C5F9FA204B214FF487722CE00D
:101EC00000201E2141227723009602F08BFA1E206B
:101ED00032210A224FF6E07302F0CEF81E203C2198
:101EE0001E225A23009702F0ABF91E205A210A2223
:101EF0007823009702F0A4F91E205A213222782379
:101F0000009702F09DF91E204B210A224B230097D7
:101F100002F096F91E204B2132224B23009702F04B
:101F20008FF901B0F0BD000080B584B001380328FE
:101F300062D8DFE800F0034B1B3300BF40F2C4005F
:101F4000C2F20000D0E900304FF6E07149F244429D
:101F50004FF0000CCDE90001C0F600026420192109
:101F6000CDF808C002F07AFF04B080BD40F2C40092
:101F7000C2F20000D0E900304FF6E07149F24D4264
:101F80004FF0000CCDE90001C0F6000264204B21A7
:101F9000CDF808C002F062FF04B080BD40F2C4007A
:101FA000C2F20000D0E900304FF6E07149F255422C
:101FB0004FF0000CCDE90001C0F60002642064215E
:101FC000CDF808C002F04AFF04B080BD40F2C40062
:101FD000C2F20000D0E900304FF6E07149F23A4217
:101FE0004FF0000CCDE90001C0F600026420322160
:101FF000CDF808C002F032FF04B080BD80B584B0D7
:10200000022819D001282DD140F2C400C2F20000EC
:10201000D0E900304FF6E07149F2E7324FF0000CA2
:10202000CDE90001C0F6000262203C21CDF808C0D5
:1020300002F014FF04B080BD40F2C400C2F2000000
:10204000D0E900304FF6E07149F217424FF0000C32
:10205000CDE90001C0F6000262206421CDF808C07D
:1020600002F0FCFE04B080BD80B584B001380328C6
:1020700062D8DFE800F0034B1B3300BF40F2C4001E
:10208000C2F20000D0E900304FF6E07149F2FB32B5
:102090004FF0000CCDE90001C0F600024E202A21CD
:1020A000CDF808C002F0DAFE04B080BD40F2C400F2
:1020B000C2F20000D0E900304FF6E07149F212425E
:1020C0004FF0000CCDE90001C0F60002622066214D
:1020D000CDF808C002F0C2FE04B080BD40F2C400DA
:1020E000C2F20000D0E900304FF6E07149F2EE3262
:1020F0004FF0000CCDE90001C0F600026C208421F5
:10210000CDF808C002F0AAFE04B080BD40F2C400C1
:10211000C2F20000D0E900304FF6E07149F22342EC
:102120004FF0000CCDE90001C0F600025820482114
:10213000CDF808C002F092FE04B080BD80B584B036
:10214000022813D0012827D140F2C400C2F20000B7
:10215000D0E900304FF6E07149F21F424FF0000C19
:10216000CDE90001C0F60002462010E040F2C400B4
:10217000C2F20000D0E900304FF6E07149F20F42A0
:102180004FF0000CCDE90001C0F60002D2208421FE
:10219000CDF808C002F062FE04B080BD032888BFFD
:1021A000704770B58AB00C4649F2CE412A25C0F678
:1021B0000001DFE800F019030B1300BF49F20A51D8
:1021C0004825C0F6000114460EE000BF49F2E24186
:1021D0006625C0F600011C4606E000BF0E9C49F2D1
:1021E000F6418425C0F6000104AE30462246FEF7D3
:1021F00065F840F2C400C2F20000D0E900304FF6AA
:10220000E0710024CDE900012D20294632460294D8
:1022100002F024FE0AB0BDE87040704780B584B07B
:10222000032835D002281BD001281CBF04B080BD74
:1022300040F2C400C2F20000D0E900304FF6E07175
:1022400049F204424FF0000CCDE90001C0F6000253
:1022500062203C21CDF808C002F000FE04B080BD31
:1022600040F2C400C2F20000D0E900304FF6E07145
:1022700049F22B424FF0000CCDE90001C0F60002FC
:1022800062206421CDF808C002F0E8FD04B080BDF2
:1022900040F2C400C2F20000D0E900304FF6E07115
:1022A00049F2F6324FF0000CCDE90001C0F6000211
:1022B0006E208C21CDF808C002F0D0FD04B080BDA6
:1022C000032888BF70472DE9F0438FB00E46179D55
:1022D00049F28F412824C0F60001DFE800F01A031C
:1022E0000B1300BF189D49F2B0413C24C0F6000119
:1022F00016460EE0199D49F27F415024C0F60001B8
:102300001E4606E01A9D169E49F29F416424C0F6BF
:1023100000010DF11C0948463246FDF7CFFF49F296
:102320005E410DF10C08C0F6000140462A46FDF75B
:10233000C5FF40F2C405C2F20005D5E900304FF6F2
:10234000E0770026CDE900070A2021464A4602969A
:1023500002F084FDD5E900302146CDE90007C82010
:102360004246029602F07AFD0FB0BDE8F043704796
:102370002DE9F0438FB0012814D003280AD0022899
:1023800042D1179D49F274415024C0F6000116460F
:102390000FE000BF189D49F268416424C0F60001B7
:1023A0001E4606E00E46169D49F2C3412824C0F69B
:1023B00000010DF11C0948463246FDF77FFF49F246
:1023C0005E410DF10C08C0F6000140462A46FDF7BB
:1023D00075FF40F2C405C2F20005D5E900304FF6A2
:1023E000E0770026CDE900070A2021464A460296FA
:1023F00002F034FDD5E900302146CDE90007C820C0
:102400004246029602F02AFD0FB0BDE8F0830000BC
:1024100070B584B040F2CC00C2F20000D0E90030C8
:102420004FF6E07549F2FB320024CDE90005C0F615
:1024300000020A200A21029402F010FD2820462101
:1024400028227823009501F0FBFE40F2C406C2F278
:102450000006D6E900302DA2CDE900050A2078213A
:10246000029402F0FBFC32203C215A223C230095CE
:1024700001F0E6FE28203C210A224FF6E07301F02D
:10248000FBFD6E203C2196223C23009501F0D8FEF6
:1024900064203C210A224FF6E07301F0EDFDA020FC
:1024A0004621A0226E23009501F0CAFEA0203C2107
:1024B0000A224FF6E07301F0DFFDAA207821D22234
:1024C0007823009501F0BCFEA02078210A224FF667
:1024D000E07301F0D1FDDC204621DC226E23009563
:1024E00001F0AEFEDC2078210A224FF6E07301F005
:1024F000C3FDD6E9003007A2CDE90005C82041217F
:10250000029402F0ABFC04B070BD00BF466F726570
:1025100073740000426F73730000000070B584B0E4
:1025200040F2CC00C2F20000D0E900304FF6E07576
:102530000024CDE9000522A258200821029402F0CF
:102540008DFC40F2C406C2F20006D6E900301FA29C
:10255000CDE9000568202B21029402F07FFCD6E92A
:1025600000301DA2CDE9000563204421029402F051
:1025700075FCD6E900301BA2CDE900056E205B2179
:10258000029402F06BFCD6E9003049F21F42CDE91B
:102590000005C0F6000246208421029402F05EFC91
:1025A000D6E9003049F20F42CDE90005C0F600023D
:1025B000D2208421029402F051FC04B070BD00BF0F
:1025C00047414D45204F564552000000594F552078
:1025D0004449454400000000424554544552204CB3
:1025E00055434B004E4558542054494D450000007A
:1025F000F0B583B040F2CC00C2F20000D0E9003068
:102600004FF6E07649F223420025CDE90006C0F6F8
:1026100000020A200A21029502F020FC40F2C407C1
:10262000C2F20007D7E9003040A2CDE900061C2025
:102630002A21029502F012FCD7E9003049F2354414
:10264000C0F60004CDE9000669202A212246029541
:1026500002F004FCD7E900302A21CDE90006B620BB
:102660002246029502F0FAFBD7E900302A21CDE993
:10267000000640F203102246029502F0EFFB2820EC
:102680004B210A224FF6E07301F0F6FC78204B2133
:102690000A224FF6E07301F0EFFCC8204B210A221A
:1026A0004FF6E07301F0E8FC4FF48C704B210A22E6
:1026B0004FF6E07301F0E0FC32204B216E224B23F9
:1026C000009601F0BDFD82204B21BE224B230096D7
:1026D00001F0B6FDD2204B214FF487724B230096B8
:1026E00001F0AEFD4FF48C7055214FF48C727323C2
:1026F000009601F0A5FD4FF48C70732128227323FE
:10270000009601F09DFD2820732128225523009674
:1027100001F096FDD7E9003006A2CDE9000673204E
:102720007D21029502F09AFB03B0F0BD5354415253
:10273000540000004C4F4F5020464F5245564552D2
:10274000000000002DE9F04182B00C4608991646C1
:10275000054601294FF0000C0CDB08468B4238BFC0
:102760001846002B48BF00207043B0FBF1F087B241
:1027700001E000BF0027DDF82480284621463246CC
:102780000623CDF800C001F017FD7019A11D4FF60A
:10279000FF7682B28BB228462146009601F0ECFD0E
:1027A00077B1681C611C7A1E80B289B292B2042390
:1027B000CDF8208002B0BDE8F04101F0FDBC00BFC3
:1027C00002B0BDE8F081000070B584B040F2CC00EA
:1027D000C2F20000D0E900304FF6E07549F2DD3278
:1027E0000024CDE90005C0F600025820082102941B
:1027F00002F034FB40F2C406C2F20006D6E9003013
:1028000049F2FB32CDE90005C0F600024E202A2134
:10281000029402F023FBD6E9003049F22342CDE9CD
:102820000005C0F6000258204821029402F016FB71
:10283000D6E9003049F21242CDE90005C0F60002A7
:1028400062206621029402F009FBD6E9003049F2C9
:10285000EE32CDE90005C0F600026C20842102941E
:1028600002F0FCFA04B070BD10B582B0FA2032213B
:102870000A224FF6E0734FF6E07401F0FDFBFA20F8
:102880003C21FA225A23009401F0DAFCFA205A2162
:10289000E6227823009401F0D3FCFA205A214FF469
:1028A00087727823009401F0CBFCFA204B21E622BA
:1028B0004B23009401F0C4FCFA204B214FF48772A3
:1028C0004B23009401F0BCFC02B010BD10B582B0E7
:1028D0001E2032210A224FF6E0734FF6E07401F019
:1028E000CBFB1E203C211E225A23009401F0A8FCA1
:1028F0001E205A210A227823009401F0A1FC1E20F8
:102900005A2132227823009401F09AFC1E204B2198
:102910000A224B23009401F093FC1E204B2132220B
:102920004B23009401F08CFC02B010BD2DE9F04760
:102930008AB00F4640F2CC01C2F200019846D1E9BC
:1029400000314FF6E076914604464FF0000ACDE99B
:1029500000162DA25C200821CDF808A002F07EFA16
:1029600049F2CE4104ADC0F6000128462246FDF7EB
:10297000A5FC40F2C404C2F20004D4E900302A21CC
:10298000CDE900062D202A46CDF808A002F066FA0F
:1029900049F20A51C0F6000128463A46FDF78EFC7E
:1029A000D4E900304821CDE900062D202A46CDF893
:1029B00008A002F053FA49F2E241C0F600012846AD
:1029C0004A46FDF77BFCD4E900306621CDE90006DC
:1029D0002D202A46CDF808A002F040FA49F2F6412F
:1029E000C0F6000128464246FDF768FCD4E90030F5
:1029F0008421CDE900062D202A46CDF808A002F05A
:102A00002DFA0AB0BDE8F087504F54494F4E53009D
:102A1000F0B589B040F2CC01C2F20001D1E9003139
:102A20004FF6E07749F2124204460026CDE900173E
:102A3000C0F6000269200821029602F00FFA49F25E
:102A40001E5103ADC0F6000128462246FDF736FCB4
:102A500040F2C404C2F20004D4E900301921CDE9E7
:102A600000070A202A46029602F0F8F9D4E900305D
:102A700049F20442CDE90007C0F6000262203C2181
:102A8000029602F0EBF9D4E9003049F22B42CDE98D
:102A90000007C0F6000262206421029602F0DEF90F
:102AA000D4E9003049F2F632CDE90007C0F6000261
:102AB0006E208C21029602F0D1F909B0F0BD000021
:102AC0002DE9F04F91B0884640F2CC01C2F20001EE
:102AD0000493D1E9003114464FF6E07A49F21242EC
:102AE0001A9F05464FF0000BCDE9001AC0F6000210
:102AF00069200821CDF808B002F0B0F949F21E5162
:102B000009AEC0F6000130463A46FDF7D7FB40F269
:102B1000C409C2F20009D9E900307821CDE9000AE0
:102B20000A203246CDF808B002F098F949F28F41F8
:102B3000C0F6000130462A46FDF7C0FB49F25E456B
:102B4000C0F6000505AF1B9A38462946FDF7B6FBCF
:102B5000D9E900302821CDE9000A0A203246CDF813
:102B600008B002F07BF9D9E900302821CDE9000A4C
:102B7000C8203A46CDF808B002F070F949F2B041E9
:102B8000C0F6000130464246FDF798FB1C9A3846D5
:102B90002946FDF793FBD9E900303C21CDE9000A35
:102BA0000A203246CDF808B002F058F9D9E90030D1
:102BB0003C21CDE9000AC8203A46CDF808B002F021
:102BC0004DF949F27F41C0F6000130462246FDF73B
:102BD00075FB1D9A38462946FDF770FBD9E9003090
:102BE0005021CDE9000A0A203246CDF808B002F0A3
:102BF00035F9D9E900305021CDE9000AC8203A461C
:102C0000CDF808B002F02AF949F29F41049AC0F6C3
:102C100000013046FDF752FB1E9A38462946FDF763
:102C20004DFBD9E900306421CDE9000A0A20324683
:102C3000CDF808B002F012F9D9E900306421CDE9ED
:102C4000000AC8203A46CDF808B002F007F911B0E2
:102C5000BDE8F08F2DE9F04F8FB00D4640F2CC016A
:102C6000C2F200011C46D1E9003192464FF6E079EC
:102C700049F2124206464FF00008CDE90019C0F6AD
:102C8000000269200821CDF8088002F0E7F849F237
:102C9000C34107AFC0F6000138463246FDF70EFBD0
:102CA00049F25E4BC0F6000B03AE30465946224651
:102CB000FDF704FB40F2C404C2F20004D4E9003082
:102CC0002821CDE900090A203A46CDF8088002F013
:102CD000C5F8D4E900302821CDE90009C8203246E2
:102CE000CDF8088002F0BAF849F27441C0F600014C
:102CF00038462A46FDF7E2FA189A30465946FDF75B
:102D0000DDFAD4E900305021CDE900090A203A4625
:102D1000CDF8088002F0A2F8D4E900305021CDE9C6
:102D20000009C8203246CDF8088002F097F849F231
:102D30006841C0F6000138465246FDF7BFFA199ABD
:102D400030465946FDF7BAFAD4E900306421CDE99E
:102D500000090A203A46CDF8088002F07FF8D4E94D
:102D600000306421CDE90009C8203246CDF8088042
:102D700002F074F80FB0BDE8F08F000070B584B0B9
:102D800040F2CC00C2F20000D0E900304FF6E0750E
:102D90000024CDE9000519A269200821029402F05F
:102DA0005DF840F2C406C2F20006D6E9003049F2EE
:102DB000E732CDE90005C0F6000262203C21029412
:102DC00002F04CF8D6E9003049F21742CDE900058F
:102DD000C0F6000262206421029402F03FF8D6E9B6
:102DE000003049F2F632CDE90005C0F60002692054
:102DF0007E21029402F032F804B070BD534B494C6E
:102E00004C5300002DE9F04383B04FF6E0770A20E1
:102E100078214FF4A0727823009701F011FA40F264
:102E2000C405C2F20005D5E9003049F2D238C0F637
:102E300000080024CDE900070A20822142460294BE
:102E400002F00CF8D5E9003049F2CC39C0F600099F
:102E5000CDE900070A208C214A46029401F0FEFFCA
:102E6000D5E900301BA2CDE900070A201421029405
:102E700001F0F4FFD5E9003049F2D736C0F600067C
:102E8000CDE900070A2096213246029401F0E6FFC0
:102E9000D5E900308221CDE90007FA2042460294AC
:102EA00001F0DCFFD5E900308C21CDE90007FA20E4
:102EB0004A46029401F0D2FFD5E900309621CDE9CF
:102EC0000007FA203246029401F0C8FF03B0BDE8C3
:102ED000F08300BF4C4556454C3A200070B584B095
:102EE00040F2CC05C2F20005D5E900304FF6E0769D
:102EF00049F2DD320024CDE90006C0F6000255207B
:102F00001421029401F0AAFFD5E900300EA2CDE908
:102F1000000632203C21029401F0A0FFD5E90030E8
:102F20000DA2CDE9000632206421029401F096FF43
:102F3000D5E900300BA2CDE900066E208C21029469
:102F400001F08CFF04B070BD20504C45415345202A
:102F50005343414E000000002020594F555220435A
:102F600041524400524649440000000080B584B0FC
:102F70000138032862D8DFE800F0034B1B3300BFA1
:102F800040F2C400C2F20000D0E900304FF47841B2
:102F900049F244424FF0000CCDE90001C0F60002B6
:102FA00064201921CDF808C001F058FF04B080BD9D
:102FB00040F2C400C2F20000D0E900304FF4784182
:102FC00049F24D424FF0000CCDE90001C0F600027D
:102FD00064204B21CDF808C001F040FF04B080BD53
:102FE00040F2C400C2F20000D0E900304FF4784152
:102FF00049F255424FF0000CCDE90001C0F6000245
:1030000064206421CDF808C001F028FF04B080BD21
:1030100040F2C400C2F20000D0E900304FF4784121
:1030200049F23A424FF0000CCDE90001C0F600022F
:1030300064203221CDF808C001F010FF04B080BD3B
:1030400080B584B0022819D001282DD140F2C400E7
:10305000C2F20000D0E900304FF4784149F2E73283
:103060004FF0000CCDE90001C0F6000262203C21C7
:10307000CDF808C001F0F2FE04B080BD40F2C400FB
:10308000C2F20000D0E900304FF4784149F2174213
:103090004FF0000CCDE90001C0F60002622064216F
:1030A000CDF808C001F0DAFE04B080BD80B584B070
:1030B0000138032862D8DFE800F0034B1B3300BF60
:1030C00040F2C400C2F20000D0E900304FF4784171
:1030D00049F2FB324FF0000CCDE90001C0F60002CE
:1030E0004E202A21CDF808C001F0B8FE04B080BD02
:1030F00040F2C400C2F20000D0E900304FF4784141
:1031000049F212424FF0000CCDE90001C0F6000276
:1031100062206621CDF808C001F0A0FE04B080BD99
:1031200040F2C400C2F20000D0E900304FF4784110
:1031300049F2EE324FF0000CCDE90001C0F600027A
:103140006C208421CDF808C001F088FE04B080BD59
:1031500040F2C400C2F20000D0E900304FF47841E0
:1031600049F223424FF0000CCDE90001C0F6000205
:1031700058204821CDF808C001F070FE04B080BD91
:1031800080B584B0022813D0012827D140F2C400B2
:10319000C2F20000D0E900304FF4784149F21F42FA
:1031A0004FF0000CCDE90001C0F60002462010E00F
:1031B00040F2C400C2F20000D0E900304FF4784180
:1031C00049F20F424FF0000CCDE90001C0F60002B9
:1031D000D2208421CDF808C001F040FE04B080BDAB
:1031E000032888BF704770B58AB00C462A2515A100
:1031F000DFE800F00D02060A482521A1144606E08A
:1032000066251AA11C4602E00E9C842512A104AE7C
:1032100030462246FDF752F840F2C400C2F20000E8
:10322000D0E900304FF478410024CDE900012D2091
:1032300029463246029401F011FE0AB0BDE8704002
:10324000704700BF3E20485020506F74696F6E2059
:1032500020202020782564003E20506F7765722062
:10326000506F74696F6E2020782564003E20466997
:10327000726520506F74696F6E202020782564007D
:103280003E2050726F7465637420506F74696F6E66
:103290007825640080B584B0032835D002281BD07F
:1032A00001281CBF04B080BD40F2C400C2F200007F
:1032B000D0E900304FF4784149F204424FF0000C5D
:1032C000CDE90001C0F6000262203C21CDF808C023
:1032D00001F0C4FD04B080BD40F2C400C2F20000A1
:1032E000D0E900304FF4784149F22B424FF0000C06
:1032F000CDE90001C0F6000262206421CDF808C0CB
:1033000001F0ACFD04B080BD40F2C400C2F2000088
:10331000D0E900304FF4784149F2F6324FF0000C1A
:10332000CDE90001C0F600026E208C21CDF808C066
:1033300001F094FD04B080BD032888BF70472DE9DB
:10334000F0438FB00E46179D49F28F412824C0F6F6
:103350000001DFE800F01A030B1300BF189D49F2CB
:10336000B0413C24C0F6000116460EE0199D49F21A
:103370007F415024C0F600011E4606E01A9D169EAD
:1033800049F29F416424C0F600010DF11C09484632
:103390003246FCF793FF49F25E410DF10C08C0F68E
:1033A000000140462A46FCF789FF40F2C405C2F2FC
:1033B0000005D5E900304FF478470026CDE9000735
:1033C0000A2021464A46029601F048FDD5E9003020
:1033D0002146CDE90007C8204246029601F03EFD95
:1033E0000FB0BDE8F04370472DE9F0438FB00128DE
:1033F00014D003280AD0022842D1179D49F2744103
:103400005024C0F6000116460FE000BF189D49F297
:1034100068416424C0F600011E4606E00E46169D73
:1034200049F2C3412824C0F600010DF11C094846A9
:103430003246FCF743FF49F25E410DF10C08C0F63D
:10344000000140462A46FCF739FF40F2C405C2F2AB
:103450000005D5E900304FF478470026CDE9000794
:103460000A2021464A46029601F0F8FCD5E90030D0
:103470002146CDE90007C8204246029601F0EEFC45
:103480000FB0BDE8F08300002DE9F04184B040F6B4
:103490000045C4F20105044628464FF4805100223D
:1034A0004FF00008FDF736FD40F66C161A20C2F208
:1034B00000068DF80D0064270DF10D0103AA3046BA
:1034C00001230097FEF76CFA0DF10F010DF10E02CA
:1034D000304601238DF80F800097FEF761FA2846E9
:1034E0004FF480510122FDF715FD42F29300208038
:1034F00002AF0C20214602222346009700F0A2F9D9
:1035000010B104B0BDE8F08120786178A278E3784A
:103510004840504021795840401A18BF01204000CF
:1035200004B0BDE8F0810000F0B583B040F600447F
:10353000C4F2010420464FF480510122FDF7EAFC59
:1035400020464FF4006100220026FDF7E3FC0A202C
:10355000FDF7BEFB20464FF400610122FDF7DAFCC7
:103560000A20FDF7B5FB20464FF480510022FDF7FD
:10357000D1FC40F66C150220C2F200058DF80B005C
:1035800064270DF10B010DF10A0228460123009773
:10359000FEF706FA0F208DF80B000DF10B010DF16F
:1035A0000A02284601230097FEF7FAF920464FF455
:1035B00080510122FDF7AEFC20464FF480510022DD
:1035C000FDF7A8FC54208DF80B000DF10B010DF157
:1035D0000A02284601230097FEF7E2F98D208DF8B4
:1035E0000B000DF10B010DF10A0228460123009793
:1035F000FEF7D6F920464FF480510122FDF78AFCF0
:1036000020464FF480510022FDF784FC56208DF8AF
:103610000B000DF10B010DF10A0228460123009762
:10362000FEF7BEF93E208DF80B000DF10B010DF1F8
:103630000A02284601230097FEF7B2F920464FF40C
:1036400080510122FDF766FC20464FF48051002294
:10365000FDF760FC5A208DF80B000DF10B010DF108
:103660000A02284601230097FEF79AF91E208DF8DA
:103670000B000DF10B010DF10A0228460123009702
:10368000FEF78EF920464FF480510122FDF742FCEF
:1036900020464FF480510022FDF73CFC58208DF865
:1036A0000B000DF10B010DF10A02284601230097D2
:1036B000FEF776F90DF10B010DF10A022846012300
:1036C0008DF80B600097FEF76BF920464FF48051A0
:1036D0000122FDF71FFC20464FF480510022FDF728
:1036E00019FC2A208DF80B000DF10B010DF10A02D7
:1036F000284601230097FEF753F940208DF80B0070
:103700000DF10B010DF10A02284601230097FEF787
:1037100047F920464FF480510122FDF7FBFB20467C
:103720004FF480510022FDF7F5FB22208DF80B00AD
:103730000DF10B010DF10A02284601230097FEF757
:103740002FF93D208DF80B000DF10B010DF10A0250
:10375000284601230097FEF723F920464FF48051B5
:103760000122FDF7D7FB20464FF480510022FDF7E0
:10377000D1FBA8208DF80B000DF10B010DF10A0211
:10378000284601230097FEF70BF90DF10B010DF10F
:103790000A02284601238DF80B600097FEF700F916
:1037A00020464FF480510122FDF7B4FB1420032181
:1037B00001F0A0FB03B0F0BD2DE9F04184B040F66C
:1037C0000048C4F201080C46054640464FF48051BB
:1037D0000022FDF79FFB40F66C171A20C2F200078B
:1037E0008DF80D0064260DF10D0103AA3846012362
:1037F0000096FEF7D5F807208DF80F000DF10F01A8
:103800000DF10E02384601230096FEF7C9F8404636
:103810004FF480510122FDF77DFB02AF0C202146C1
:10382000012223462570009700F00CF80299102918
:10383000014618BF0221002818BF0221084604B023
:10384000BDE8F0812DE9F04F87B017460C28884677
:103850000293049006D00E2808D111200590122062
:1038600007E000BF31200590772002E0012005909D
:10387000002040F60045C4F20105039000F18004E9
:1038800028464FF4805100224FF00009FDF742FB1B
:1038900040F66C1A0420C2F2000A8DF81B00642660
:1038A0000DF11B010DF11A02504601230096FEF79F
:1038B00077F80DF11B010DF11A02504601238DF826
:1038C0001B400096FEF76CF828464FF48051012209
:1038D000FDF720FB04208021FDF778F90A208021E4
:1038E00001F008FB28464FF480510022FDF712FB3F
:1038F00002208DF81B000DF11B010DF11A0250463C
:1039000001230096FEF74CF80DF11B010DF11A0290
:10391000504601238DF81B900096FEF741F828468B
:103920004FF480510122FDF7F5FA77B340F66C1998
:10393000A8F1010AC2F200090DF11B080DF11A04E9
:103940001AF801BF28464FF4805100226426FDF783
:10395000E1FA12208DF81B00484641462246012319
:103960000096FEF71DF8642648464146224601238C
:103970008DF81BB00096FEF713F828464FF48051DF
:103980000122FDF7C7FA013FDAD128464FF48051F2
:103990000022FDF7BFFA40F66C140220C2F20004C8
:1039A0008DF81B000DF11B010DF11A0220460123B9
:1039B0000096FDF7F5FF049F0DF11B010DF11A02B2
:1039C000204601238DF81B700096FDF7E9FF28467D
:1039D0004FF480510122FDF79DFA0C2F03D10D20E9
:1039E000802101F087FA4FF6300740F66C1BCFF6C6
:1039F000FF774FF088084FF0640AC2F2000B0DF118
:103A00001B060DF11A0400BF28464FF48051002216
:103A1000FDF780FA58463146224601238DF81B8077
:103A2000CDF800A0FDF7BCFF00208DF81B00584624
:103A3000314622460123CDF800A0FDF7B1FF9DF8E5
:103A40001A9028464FF480510122FDF763FA01379E
:103A500080F0D880059810EA090FD5D00D2080217C
:103A6000FDF7B4F828464FF4805100220027FDF7F7
:103A700051FA40F66C148C20C2F200048DF81B0041
:103A800064260DF11B010DF11A0220460123009658
:103A9000FDF786FF0DF11B010DF11A0220460123EF
:103AA0008DF81B700096FDF77BFF9DF81A402846A5
:103AB0004FF480510122FDF72DFA14F01B0F40F056
:103AC000A5800398049900EA09000C2900F0010080
:103AD00040F09D80059028464FF48051002200263A
:103AE000FDF718FA40F66C199420C2F200090DF1A6
:103AF0001A0B8DF81B0064240DF11B0148465A4631
:103B0000012300944FF0010AFDF74AFF0DF11B015C
:103B10000DF11A02484601238DF81B600094FDF751
:103B20003FFF9DF81A8028464FF480510122FDF78F
:103B3000F1F928464FF480510022FDF7EBF9982067
:103B40008DF81B000DF11B010DF11A0248460123EF
:103B50000094FDF725FF0DF11B010DF11A024846F7
:103B600001238DF81B600094FDF71AFF9DF81A6081
:103B700028464FF480510122FDF7CCF916F00700DA
:103B800040EAC8001099A0F1080008BF4FEAC80039
:103B90000860B8F1010F98BFD046B8F1100F28BFE8
:103BA0004FF0100802984FF0920A461E28464FF434
:103BB00080510022FDF7AEF90DF11B07484639464A
:103BC0005A4601238DF81BA00094FDF7E9FE002062
:103BD0008DF81B00484639465A4601230094FDF7EC
:103BE000DFFE9DF81A7028464FF480510122FDF740
:103BF00091F9B8F1010806F8017FD7D1059807B00F
:103C0000BDE8F08F0D208021FCF7E0FF022007B017
:103C1000BDE8F08FFEE7000070470000002814BFE9
:103C2000808B002000B27047002808BF704782696F
:103C3000511A21EAE171816170470000FEE700003E
:103C400070470000002808BF7047FCF7FDBA00006D
:103C500050B1B0F920000128D8BF012040F6C411AE
:103C6000C2F2000108807047002040F6C411C2F281
:103C7000000108807047000040F6C611C2F2000142
:103C8000002818BF01200870704700002DE9F04F90
:103C900081B0826A02EB010EBEF1280FC0F828E065
:103CA000C0F2DD804CF6CD41AEF12803CCF6CC411C
:103CB000A3FB011701264469D0E9072BD0F824A003
:103CC00006EB571745F2565C17F00308C5F2555C32
:103CD0001ED084FB0C5982FB0C578BFB0C5609EB56
:103CE000D975254407EBD774A71806EBD67202EBFB
:103CF0000B092CB23AB2B8F1010F0FFA89FB0BD1C4
:103D00000AF1010A9E461E46782B47D2A1E000BF69
:103D1000782B43D29DE000BF009345F256535C439D
:103D2000260C06EBD47424B25A432544140C04EB3D
:103D3000D27212B2D1190BFB03F2130C03EBD27245
:103D400012B202EB09072CB20AB2B8F1020F0FFA55
:103D500087FB05D1AEF1500E0AF1020A1AE000BF4E
:103D600045F256535C43260C06EBD4745A432C445C
:103D7000150C0BFB03F305EBD2721D0C05EBD37393
:103D80000A443B44AEF1780E24B212B20FFA83FB20
:103D90000AF1030A009B7646782B5AD345F2565512
:103DA00084FB0C6782FB0C618BFB0C6307EBD77603
:103DB000344401EBD171114403EBD37223B26B4352
:103DC0001E0C06EBD3731BB223440CB26C43260CBF
:103DD00006EBD4745A4424B2214414B26C43260C2A
:103DE00006EBD47424B222441CB26C43260C06EBBE
:103DF000D47424B223440CB26C43260C06EBD47466
:103E000024B2214414B26C43260C06EBD47424B2C1
:103E100022441CB26C43270C07EBD47423440CB22D
:103E20006C43270C07EBD474214414B26C43270C69
:103E300007EBD474AEF1A006A7180AB2AEF1C80120
:103E40001CB20FFA87FB0AF1040A11F1500FB646B3
:103E5000A6D3C0E90544C0E9072BC0E909A601B013
:103E6000BDE8F08FC26A1144C162704770B54FF06F
:103E70000005C8B1868B0C46FCF7E6F948F21F51E5
:103E8000C5F2EB1180FB0112511101EBD2716422DA
:103E900001FB12001428B8BF012506FA05F0002C1A
:103EA00018BF012400FA04F528B270BD40F6C41111
:103EB000C2F200010988002818BF012009B20022BF
:103EC0000029C8BF012210407047000000284FF0B1
:103ED00000000BD052B988B201EBD03000B2002BF9
:103EE00018BF41100129D8BF0121084600B2704710
:103EF000002808BF70478269511A21EAE171816187
:103F0000704700004FF0000270B103290CD800F197
:103F10003002535C002B04BF00207047013B535418
:103F200009B94169816101221046704705293CBFEA
:103F30000020704710B5044626202146FFF73CFCC0
:103F400000281CBF002010BD2046FFF79DFAB0FAE4
:103F500080F0400910BD00002DE9F04381B0089CBD
:103F6000984615460E468146FCF7DAFF201A00EB0C
:103F70000804FCF7D5FF40F2DC01C2F20001096839
:103F8000C1F3CB3161430091D9F800108A68324007
:103F9000921BB2FA82F2520995423DD0074618F1BF
:103FA000010031D0FCF7BCFFC01BA04238D2009802
:103FB00000990028A1F101010091D9F80010896849
:103FC00008BF044601EA0600801BB0FA80F04009F1
:103FD0008542E7D120E000BF88683040801BB0FAFE
:103FE00080F04009854217D088683040801BB0FAC5
:103FF00080F0400985420FD088683040801BB0FABD
:1040000080F04009854207D088683040801BB0FAB4
:1040100080F040098542DFD1002001B0BDE8F08387
:10402000D9E900014268B1F5827F22F0E0024260E6
:104030000BD1D9F80810B1F5004F02D0B1F5806F5F
:1040400003D1016821F040010160D9F82810B1F5D1
:10405000005F07D1016821F400510160016841F45B
:1040600000510160012089F85100002089F85000BA
:10407000032001B0BDE8F0832DE9F04F85B0814603
:1040800040F6000015468B46C4F2010010210022C4
:104090001C460026FCF73EFF0BEB050081B24846AC
:1040A000224600F02DF9ABEB050081B248462246CE
:1040B00000F026F909EB050080B25946224600F0CF
:1040C0001FF9A9EB050080B25946224600F018F905
:1040D000002D66D0A6EB4502C5F1010A0123CDF8FB
:1040E000009000BF0FFA8AF0911CB0F1FF3FC4BFEF
:1040F0008A440A460492C8BF013D28B206F101086D
:1041000003900FFA88F0029018B2023001908244B6
:1041100008EB090005EB0B018EB287B23846314639
:10412000224600F0EDF8A9EB08001FFA80F9484696
:104130003146224600F0E4F8ABEB050086B2384683
:104140003146224600F0DCF84846DDF80090314662
:10415000224600F0D5F805EB090008EB0B0187B209
:104160008EB238463146224600F0CAF8A9EB050067
:1041700085B228463146224600F0C2F8ABEB080073
:1041800086B238463146224600F0BAF82846314613
:10419000029E224600F0B4F8DDE90352019BAE42D4
:1041A000A0DB40F60000C4F201001021012205B09E
:1041B000BDE8F04FFCF7AEBE2DE9F04F81B040F600
:1041C0000008C4F2010814468B460646DDF828A014
:1041D0004046102100229946FCF79CFEB0090428B5
:1041E00098BFBBF1A90F03D901B0BDE8F08F00BFA4
:1041F000A0198009042888BFC6F5A07409EB0B003C
:10420000A119A92888BFCBF1AA0900208CB21FFAF6
:1042100089F70025584481B2304622460B46CDF836
:1042200000A000F00DF80135E8B28742F2D2404616
:104230001021012201B0BDE8F04FFCF76BBE000079
:104240002DE9F04F81B0B3EB010C1C4648BFCCF117
:10425000000C131A48BF5B429C4509D9164602461A
:10426000A1420BD83046A14616460C4608E000BFD6
:10427000264614460A460146A142F3D9104689460D
:104280004FF0FF3B864238BF4FF0010BA14534D3BE
:10429000A9EB04011FFA81FA01EBDA3109B2801BA4
:1042A000DDF82880C1F34F0748BF40429C4505B266
:1042B00012D900BFB0B2A1B2424600F021F838B224
:1042C000471B38B20134002844BF5E4400EB0A07A4
:1042D000A0B24845EED910E0A0B2B1B2424600F01B
:1042E0000FF838B2471B38B20134002844BF5E448F
:1042F00000EB0A07A0B24845EED901B0BDE8F08F47
:1043000010B582B014468209042A98BFA92901D9A0
:1043100002B010BD02460B4600F068FC60BA40F6E1
:104320000004C4F20104ADF806002046102100226A
:10433000FCF7F0FD204610210022FCF7EBFD04F510
:10434000806001210122FCF7E5FD40F61410C2F265
:1043500000000DF1060102224FF0FF33FDF722FAB3
:10436000204610210122FCF7D5FD20461021012214
:10437000FCF7D0FD02B010BD2DE9F04381B040F64E
:104380000008C4F2010815460F46089C0646404640
:10439000102100229946FCF7BDFD304639462A46D9
:1043A0003B460094FFF74CFF3046394632464B46B9
:1043B0000094FFF745FF304649462A464B46009495
:1043C000FFF73EFF284639462A464B460094FFF742
:1043D00037FF40461021012201B0BDE8F043FCF751
:1043E00099BD00002DE9F04F85B00C4691090429D4
:1043F000029056D89A46A92B53D840F60007C4F22B
:1044000001071546384610210022FCF783FD02986B
:1044100021462A46534600F0E9FB544503943BD815
:104420000298A84238D8DDF8388040F6141B4FEACD
:10443000182907F58064C2F2000B0DF11206CDF8C1
:1044400004A000BFDDF808A03846102100228DF836
:1044500012908DF81380FCF75DFD204601210122AA
:10446000FCF758FD5846314602224FF0FF33FDF766
:1044700099F9384610210122FCF74CFD0AF1010A96
:104480001FFA8AF0A842DFD90398DDF804A00130B2
:10449000039080B25045D5D9384610210122FCF74F
:1044A00039FD05B0BDE8F08F2DE9F04F81B005462C
:1044B00040F6000B0020002140F23F12A923C4F275
:1044C000010B4FF0000900F091FB5846102100222B
:1044D000FCF720FD40F614182F0A0BF58066C2F297
:1044E00000080DF1020A00BF002400BF5846102149
:1044F00000228DF802708DF80350FCF70BFD30465A
:1045000001210122FCF706FD4046514602224FF0F0
:10451000FF33FDF747F9584610210122FCF7FAFC5A
:10452000A92C04F10104E1D3B9F59F7F09F1010938
:10453000DAD9584610210122FCF7ECFC01B0BDE8A5
:10454000F08F0000F0B585B01420FCF7C1FB40F6F9
:104550000004C4F2010404F580652846022100220B
:10456000FCF7D8FC1420FCF7B3FB284602210122FB
:104570000127FCF7CFFC9620FCF7AAFB3A208DF828
:104580000000204610210022FCF7C4FC284601212F
:104590000022FCF7BFFC40F61416C2F20006694682
:1045A000304601224FF0FF33FDF7FCF82046102182
:1045B0000122FCF7AFFC55208DF8000020461021A9
:1045C0000022FCF7A7FC284601210122FCF7A2FCEF
:1045D0006946304601224FF0FF33FDF7E3F82046ED
:1045E00010210122FCF796FCB2208DF80000204635
:1045F00010210022FCF78EFC284601210022FCF746
:1046000089FC6946304601224FF0FF33FDF7CAF8B6
:10461000204610210122FCF77DFC3320019040F65A
:104620000C40C3F200300090204610210022FCF71D
:1046300071FC284601210122FCF76CFC69463046DA
:1046400005224FF0FF33FDF7ADF82046102101227F
:10465000FCF760FC36208DF8000020461021002277
:10466000FCF758FC284601210022FCF753FC694660
:10467000304601224FF0FF33FDF794F82046102119
:104680000122FCF747FCA0208DF8000020461021F5
:104690000022FCF73FFC284601210122FCF73AFCEE
:1046A0006946304601224FF0FF33FDF77BF8204684
:1046B00010210122FCF72EFCB7208DF800002046C7
:1046C00010210022FCF726FC284601210022FCF7DD
:1046D00021FC6946304601224FF0FF33FDF762F8B6
:1046E000204610210122FCF715FC35208DF8000032
:1046F000204610210022FCF70DFC28460121012252
:10470000FCF708FC6946304601224FF0FF33FDF705
:1047100049F8204610210122FCF7FCFBBB208DF854
:104720000000204610210022FCF7F4FB284601215E
:104730000022FCF7EFFB6946304601224FF0FF33C1
:10474000FDF730F8204610210122FCF7E3FB192089
:104750008DF80000204610210022FCF7DBFB2846E4
:1047600001210122FCF7D6FB6946304601224FF0B9
:10477000FF33FDF717F8204610210122FCF7CAFB92
:10478000C0208DF80000204610210022FCF7C2FB5B
:10479000284601210022FCF7BDFB69463046012274
:1047A0004FF0FF33FCF7FEFF204610210122FCF7FB
:1047B000B1FB2C208DF80000204610210022FCF7D0
:1047C000A9FB284601210122FCF7A4FB69463046DB
:1047D00001224FF0FF33FCF7E5FF204610210122B4
:1047E000FCF798FBC2208DF8000020461021002223
:1047F000FCF790FB284601210022FCF78BFB694661
:10480000304601224FF0FF33FCF7CCFF2046102149
:104810000122FCF77FFB2046102100228DF800705A
:10482000FCF778FB284601210122FCF773FB69465F
:10483000304601224FF0FF33FCF7B4FF2046102131
:104840000122FCF767FBC3208DF8000020461021F1
:104850000022FCF75FFB284601210022FCF75AFBEF
:104860006946304601224FF0FF33FCF79BFF20469C
:1048700010210122FCF74EFB12208DF8000020468B
:1048800010210022FCF746FB284601210122FCF7FB
:1048900041FB6946304601224FF0FF33FCF782FFAF
:1048A000204610210122FCF735FBC4208DF80000C2
:1048B000204610210022FCF72DFB28460121002272
:1048C000FCF728FB6946304601224FF0FF33FCF726
:1048D00069FF204610210122FCF71CFB20208DF8E7
:1048E0000000204610210022FCF714FB284601217D
:1048F0000122FCF70FFB6946304601224FF0FF33DF
:10490000FCF750FF204610210122FCF703FBC620D4
:104910008DF80000204610210022FCF7FBFA284603
:1049200001210022FCF7F6FA6946304601224FF0D9
:10493000FF33FCF737FF204610210122FCF7EAFA8B
:104940000F208DF80000204610210022FCF7E2FA2B
:10495000284601210122FCF7DDFA69463046012292
:104960004FF0FF33FCF71EFF204610210122FCF719
:10497000D1FAD0208DF80000204610210022FCF74B
:10498000C9FA284601210022FCF7C4FA69463046DC
:1049900001224FF0FF33FCF705FF204610210122D2
:1049A000FCF7B8FAA4208DF8000020461021002260
:1049B000FCF7B0FA284601210122FCF7ABFA694660
:1049C000304601224FF0FF33FCF7ECFE2046102169
:1049D0000122FCF79FFAA1208DF80000204610214B
:1049E0000022FCF797FA284601210122FCF792FAEF
:1049F0006946304601224FF0FF33FCF7D3FE2046D4
:104A000010210122FCF786FAE0208DF800002046F4
:104A100010210022FCF77EFA284601210022FCF733
:104A200079FA6946304601224FF0FF33FCF7BAFEAF
:104A3000204610210122FCF76DFA42F21F3003904C
:104A400041F64C00C0F60D30029042F61330C5F22C
:104A50003F40019040F2D040C1F20D10009020463E
:104A600010210022FCF756FA284601210122FCF70A
:104A700051FA694630460E224FF0FF33FCF792FEA2
:104A8000204610210122FCF745FAE1208DF80000B4
:104A9000204610210022FCF73DFA28460121002281
:104AA000FCF738FA6946304601224FF0FF33FCF735
:104AB00079FE204610210122FCF72CFA42F2203028
:104AC000039042F65170C1F61F70029042F61340F7
:104AD000C4F23F40019040F2D040C1F20C1000906F
:104AE000204610210022FCF715FA28460121012258
:104AF000FCF710FA694630460E224FF0FF33FCF700
:104B000051FE204610210122FCF704FA21208DF8E5
:104B10000000204610210022FCF7FCF92846012164
:104B20000022FCF7F7F96946304601224FF0FF33C7
:104B3000FCF738FE204610210122FCF7EBF911208A
:104B40008DF80000204610210022FCF7E3F92846EA
:104B500001210022FCF7DEF96946304601224FF0C0
:104B6000FF33FCF71FFE204610210122FCF7D2F98B
:104B70007820FCF7ADF813208DF8000020461021B6
:104B80000022FCF7C7F9284601210022FCF7C2F9F0
:104B90006946304601224FF0FF33FCF703FE204602
:104BA00010210122FCF7B6F929208DF800002046DB
:104BB00010210022FCF7AEF9284601210022FCF763
:104BC000A9F96946304601224FF0FF33FCF7EAFDB0
:104BD000204610210122FCF79DF93220FCF778F8DD
:104BE0000020FFF761FC05B0F0BD00002DE9F047A3
:104BF00084B040F60004C4F2010416460D46074690
:104C00002046102100229946FCF784F92A208DF8CD
:104C10000D0020461021002205F1230AFCF77AF945
:104C200004F58065284601210022FCF773F940F65F
:104C30001418C2F200080DF10D01404601224FF098
:104C4000FF33FCF7AFFD204610210122FCF762F98B
:104C5000380A8DF80900300A8DF80B002046102123
:104C600000228DF80A708DF80C60FCF753F9284685
:104C700001210122FCF74EF90DF109014046042201
:104C80004FF0FF33FCF78EFD20461021012209F181
:104C90002306FCF73FF92B208DF80E00204610214B
:104CA0000022FCF737F9284601210022FCF732F9EF
:104CB0000DF10E01404601224FF0FF33FCF772FD6B
:104CC000204610210122FCF725F94FEA1A208DF821
:104CD0000500300A8DF807002046102100228DF8CB
:104CE00006A08DF80860FCF715F92846012101227D
:104CF000FCF710F90DF10501404604224FF0FF3397
:104D0000FCF750FD204610210122FCF703F92C206E
:104D10008DF80F00204610210022FCF7FBF82846F2
:104D200001210022FCF7F6F80DF10F0140460122A7
:104D30004FF0FF33FCF736FD204610210122FCF72F
:104D4000E9F8204610210122FCF7E4F804B0BDE8A0
:104D5000F08700002DE9F04F85B040F60004C4F262
:104D600001049046894605462046102100221E4631
:104D7000FCF7D0F8F7B2C6F30726E81909EB0601ED
:104D80000138013982B28BB228464946FFF72EFF1F
:104D9000002E029618BF002F08D1204610210122B4
:104DA000FCF7B8F805B0BDE8F08F00BFDDE90E06EE
:104DB000029A109BA8F1200151434FEA162B40F6AE
:104DC000141600EB41004FEA1328002104F580651A
:104DD000C2F20006019004E0039902980131814279
:104DE000DBD001984FF0000930F811A003911EE0CC
:104DF000109810218DF81100204600228DF81080A7
:104E0000FCF788F8284601210122FCF783F8304698
:104E100004A902224FF0FF33FCF7C4FC2046102106
:104E20000122FCF777F809F101094F45D4D00AFABD
:104E300009F00004DCD50F9810218DF813002046EE
:104E400000228DF812B0FCF765F8284601210122F6
:104E5000FCF760F830460DF11201DAE72DE9F04F6A
:104E600085B007460E989246049040F600000D4625
:104E7000DDE90F6BC4F20100102100221C46FCF793
:104E800049F89AF800203AB3C4F307285FFA84F986
:104E90000AF1010A0FE000BF0498A9B2CDE90006AB
:104EA000B8B2D2B22346CDF808B0FFF753FF4F4453
:104EB0001AF8012B82B1B8B24844B0F5A07FEBD309
:104EC0004544A8B24044A92806D8D0B220284FF0C3
:104ED0000007E1D1ECE700BF40F60000C4F201009A
:104EE0001021012205B0BDE8F04FFCF713B8000017
:104EF000704700002DE9F04784B040F60048C4F246
:104F000001088A46064640464FF4805100224FF081
:104F10000009FBF7FFFF802040F66C1540EA4600D1
:104F2000C2F200058DF8090064240DF1090102AAFE
:104F3000284601230094FCF733FD0DF10B010DF120
:104F40000A02284601238DF80B900094FCF728FDF7
:104F50009DF80A7040464FF480510122FBF7DAFFBA
:104F600040464FF48051002247EA0A07FBF7D2FF80
:104F70007E2000EA46008DF80D000DF10D0103AA18
:104F8000284601230094FCF70BFD0DF10F010DF1F4
:104F90000E02284601238DF80F700094FCF700FDE7
:104FA00040464FF480510122FBF7B4FF04B0BDE846
:104FB000F0870000002804BF002070470246012946
:104FC0004FF0000004D0022918BF7047052100E00F
:104FD0000221526A8A42C8BF0120704780B5FBF7A0
:104FE000A5FFBDE88040FCF75BBE000070470000F5
:104FF00010B5FBF74DFE002804BF002010BD0020B7
:10500000FFF752FA40F61004C2F200040220E070EA
:105010000020FFF749FAFDF727FCFDF757FCFDF7E5
:10502000F1FEFCF7B1FEE06830B1246924B101F073
:1050300037F9204600F0AEFE40F28800C2F20000D0
:10504000C078FDF793FF012010BD000080B5FBF78D
:105050001FFE002808BF80BD0020FFF725FA40F69C
:105060001000C2F200000121C170BDE88040FDF7D0
:10507000ABBB000010B5FBF70BFE002804BF0020FF
:1050800010BD0020FFF710FA40F61004C2F2000431
:105090000220E0700020FFF707FAFDF7E5FBFDF7BF
:1050A00015FCFDF7AFFEFCF76FFEE06830B1246938
:1050B00024B101F0F5F8204600F06CFE40F28800C3
:1050C000C2F20000C078FDF751FF012010BD0000C2
:1050D00070B5FBF7DDFD002804BF002070BD002087
:1050E000FFF7E2F940F61000C2F20000C17809298A
:1050F00020D140F288060621C2F20006C17096F95E
:105100000010342201FB0203007940F6AC05403365
:10511000C2F2000501FB0251002818BF01F12C0367
:1051200018680124B470FDF773FCB078FEF7B2F88C
:10513000204670BD0124C470FDF746FB204670BDBB
:105140002DE9F0478CB0002850D040F6100AC2F28A
:10515000000ADAF810000027466AB0F92040002063
:105160004FF6E078CAE90377FFF79EF940F2CC09E1
:10517000C2F20009D9E9003046A2CDE9000850206A
:1051800028210297FFF76AFE04AD45A12846324662
:10519000FBF794F8D9E900305021CDE90008502000
:1051A0002A460297FFF75AFE40A128462246FBF7FF
:1051B00085F8D9E900307821CDE9000850202A4649
:1051C0000297FFF74BFE40F2DC50FBF781FD9AF8A7
:1051D0000400012826D1DAF808000130CAF80800D6
:1051E00001F068F90CB0BDE8F08700BF40F2880418
:1051F00040F61000C2F200040122C2F200000021B9
:1052000022710522C0E90311C27041710020FFF72D
:105210004BF9FDF783F920790CB0BDE8F047FDF7B5
:10522000AFBF00BF40F2AD1140F6A800C2F20001CE
:10523000C2F2000009780078013981420ADDFBF7EB
:10524000ADFC0020FFF730F901F0ECF80CB0BDE840
:10525000F08700BF00200024FFF726F9D9E90030CD
:1052600014A2CDE9000828204B210294FFF7F6FD97
:1052700040F2DC50FBF72CFDFBF7A0FC0020FFF711
:1052800013F901208AF80300FDF79EFA0CB0BDE87F
:10529000F08700BF564943544F5259210000000087
:1052A000474F4C443A202564000000004558503ACE
:1052B0002025640043414D504149474E20434C4511
:1052C000415221002DE9F04182B040F61007C2F2B0
:1052D0000007F86848B1386938B1FBF715FC0228B7
:1052E00003D0FBF711FC032802D102B0BDE8F08126
:1052F00040F28805C2F200052C4614F8030FFDF7B2
:1053000035FE204600F0A0FDFBF7D2FC80B3B87953
:105310000028EAD1E878012101380328B971E4D8DE
:10532000DFE800F002762C3C0120FCF76DFDFBF776
:105330005FFBD7E9030400F0B3FF204600F02AFD2D
:10534000FBF7E2FB022840F08780D7E90301B1F9BF
:105350002410FEF787FDD7E90301B1F92010FEF70D
:1053600095FC012002B0BDE8F041FFF7E9BE00BFA7
:105370000020B87102B0BDE8F08100BF0020FFF747
:1053800093F80720F87001206870FDF7F7FC687843
:1053900002B0BDE8F041FDF753BE00BF002000247D
:1053A000FFF782F80820F8700020A7F80140FBF70B
:1053B00069FB04460120FBF765FB05460220FBF76D
:1053C00061FB06460320FBF75DFB034620462946AA
:1053D0003246FDF7ABFA97F801800020FBF752FB4D
:1053E00005460120FBF74EFB06460220FBF74AFB71
:1053F00007460320FBF746FB044640462946324653
:105400003B460094FDF7ECFE02B0BDE8F08100BF22
:10541000FBF764FBD7E9030400F042FF204600F0ED
:10542000B9FC4FF4C870FBF753FC0020FCF7ECFC10
:10543000FBF700FBD7E9030400F032FF204600F041
:10544000A9FCFBF761FB03287FF44FAF002002B0FB
:10545000BDE8F041FFF774BE387801280ED1002076
:105460003870FBF743FBD7E9030400F019FF20462F
:1054700002B0BDE8F04100F08DBC00BF4FF47A707F
:10548000FBF726FC00200024FCF7BEFC387802283D
:10549000CED1FBF7FFFA3C70CCE700002DE9F047D6
:1054A00086B00446FBF704FC002800F0848040F638
:1054B0001006C2F2000640F288053079C2F20005FB
:1054C00040F6AC01C2F200012B19002808BF06F11A
:1054D00014015B79042C4FF0000004EB840238BF08
:1054E00002F119004FF00007F3B195F900203423C1
:1054F00002FB0317F96A81422EDA40F2CC00C2F2B5
:105500000000D0E900304FF6E0710024CDE9000141
:105510002AA232204B210294FFF7A0FC40F2262061
:10552000FBF7D6FB23E000BF40F2CC00C2F2000044
:10553000D0E900304FF6E071CDE9000123A232201E
:105540004B210297FFF78AFC40F2262006B0BDE807
:10555000F047FBF7BDBB00BF081A391991F830209E
:10556000F862501C81F83000681D002101550020B0
:10557000FEF79AFF6879A979EA792B7AFF6A4FF0EA
:1055800028084FF023094FF01E0A1924CDE90074B2
:10559000CDE902A9CDF81080FDF792FA707869790B
:1055A000AA79EB792F7ACDE902A9CDE90074CDF87B
:1055B0001080FDF7C1FE06B0BDE8F0874E4F5420C5
:1055C000454E4F55474820474F4C4400534F4C449D
:1055D000204F555400000000F0B583B00446FBF79F
:1055E00067FBF8B1022C1FD0012C1BD140F6100430
:1055F000C2F20004E06801214FF6E0760125FFF7D2
:10560000D9FC68B3002025700027FEF74DFF40F25B
:10561000CC00C2F20000D0E9003042A2CDE9000681
:105620005A2028E003B0F0BD40F61004C2F2000496
:10563000E06802214FF6E0760225FFF7BBFC48B395
:10564000002025700027FEF72FFF40F2CC00C2F2A9
:105650000000D0E900302BA2CDE900064E2024E066
:1056600040F2CC00C2F20000D0E900300027CDE9C2
:10567000000630A2412046210297FFF7EFFB4FF4CE
:105680002F70FBF725FB0020FEF70EFF0220E070D5
:10569000A57118E040F2CC00C2F20000D0E9003061
:1056A0000027CDE900061BA2412046210297FFF703
:1056B000D5FB4FF42F70FBF70BFB0020FEF7F4FE39
:1056C0000120E570A0710020FEF7EEFEFDF7CCF89A
:1056D000FDF7FCF8FDF796FBFCF756FBE06830B1F0
:1056E000246924B100F0DCFD204600F053FB40F2B9
:1056F0008800C2F20000C07803B0BDE8F040FDF7BA
:1057000035BC00BF434F554E54455220524541448D
:10571000590000004E454544204C4556454C203626
:1057200000000000465245455A4520524541445923
:10573000000000004E454544204C4556454C203362
:10574000000000002DE9F04184B040F28808C2F268
:10575000000840F6100198F90020C2F2000134233D
:1057600002FB0316097940F6AC041436C2F20004B9
:10577000002918BF02FB03460446FBF799FA0028EC
:1057800058D0032C1CD0022C10D0012C3AD1F06A36
:105790001E281FDBD6E905121E38F06201F10A004F
:1057A00002F10A01C6E905012CE000BFF06A2828D1
:1057B00010DBF1692838F062481DF06122E000BF7B
:1057C000F06A232806DB316A2338F062481D306214
:1057D00018E000BF40F2CC00C2F20000D0E9003077
:1057E0004FF6E07149F228520024CDE90001C0F6DD
:1057F000000250204B210294FFF730FB40F226209C
:10580000FBF766FA0020FEF74FFEB08AB18B328CB0
:10581000232428271E23CDE900741E25FDF71AFA3C
:1058200098F80200B18AB28B338CCDE9005702940C
:10583000FDF7DAFD04B0BDE8F081000010B50446C4
:10584000FBF736FA80B1601E032888BF10BDDFE881
:1058500000F003550D3700BF0020FEF725FEBDE820
:10586000104000F0DFBD00BF10BD00BF0020FEF7FC
:105870001BFE40F6100040F28804C2F20000062130
:10588000C2F20004C17094F9002040F6AC01342348
:10589000C2F2000102FB031102FB03020079403255
:1058A000002818BF01F12C0210684FF0010C84F899
:1058B00002C0FDF7ADF8A078BDE81040FDF7EABCE6
:1058C0000020FEF7F1FD40F28800C2F2000040F631
:1058D000100290F9000040F6AC01C2F2000234233D
:1058E000C2F2000100FB031100FB0320042314306B
:1058F000D370BDE8104000F04BBE00BF0020FEF7A3
:10590000D3FDFCF775FEBDE8104000F0D3BD0000EC
:105910002DE9F04184B00446FBF7CAF9002800F0F5
:10592000B5802046FBF70AF900284BD040F6100559
:10593000C2F200050220E8700020FEF7B5FD00204D
:10594000FEF7B2FDFCF790FFFCF7C0FFFDF75AFA37
:10595000FCF71AFAE86830B12C6924B100F0A0FC19
:10596000204600F017FA40F28806C2F20006F078EE
:10597000FDF7FCFA4FF4C870FBF7AAF900200027E6
:10598000FCF742FAFBF756F8D5E9030400F088FC6F
:10599000204600F0FFF9FBF7B7F8032860D101209B
:1059A00030710520E8700020C5E903776F71FEF7BC
:1059B0007BFDFCF7B3FD307904B0BDE8F041FDF7A5
:1059C000DFBB00BF40F2CC00C2F20000D0E90030E3
:1059D0004FF6E0710027CDE900012EA250204B21A7
:1059E0000297FFF73BFA40F22620FBF771F90020FF
:1059F000FEF75AFD0020FBF745F804460120FBF7AF
:105A000041F805460220FBF73DF806460320FBF768
:105A100039F80346204629463246FCF787FF40F610
:105A20001000C2F2000090F801800020FBF72AF875
:105A300005460120FBF726F806460220FBF722F870
:105A400007460320FBF71EF8044640462946324627
:105A50003B460094FDF7C4FB04B0BDE8F08100BFF5
:105A6000FBF752F8022811D1D5E90301B1F9201052
:105A7000FEF70CF9D5E90301B1F92410FEF7F2F9AC
:105A8000012004B0BDE8F041FFF75ABB04B0BDE807
:105A9000F08100BF4F5554204F4620504F54494F7E
:105AA0004E0000002DE9F04F85B00446FBF700F9E9
:105AB00000284CD0032C00F09F80022C4AD0012CEF
:105AC00045D10020FEF7F0FC40F28805C2F2000547
:105AD00040F6100895F90060C2F200084FF0340E4D
:105AE00040F6AC0706FB0E84C2F2000706FB0E77F9
:105AF00098F804600920403488F803006879A9798F
:105B0000EA792B7A002E18BF07F12C0427684FF48E
:105B1000807C4FF028094FF0230A1E261924A8F88C
:105B200001C0CDE90074CDE9026ACDF81090FCF710
:105B3000C7FF98F801006979AA79EB792F7ACDE946
:105B4000026ACDE90074CDF81090FDF7F5FB05B0C1
:105B5000BDE8F08F0020FEF7A7FC40F61005C2F26A
:105B600000050A2040F28807E870C2F20007287991
:105B700097F9001005F1140640F6AC0A00283046EB
:105B80004FF03404C2F2000A18BF504601FB040271
:105B90000123908A918B128CBB704FF023084FF039
:105BA00028091E23CDE900984FF01E0BFDF752F88F
:105BB00097F90010B87801FB04632F7903F1140200
:105BC00001FB04A6002F18BF06F11402118803F18F
:105BD0001C0218BF06F11C0220331288002F18BFC8
:105BE00006F120031B88CDE900B9CDF80880FDF748
:105BF000FBFB05B0BDE8F08F0020FEF755FC40F63A
:105C00001000C2F200000121C17005B0BDE8F04FE4
:105C1000FCF7DABD70B540F61004C2F200046079FA
:105C200030B340F28805C2F20005281D00F058FA92
:105C3000FBF73EF8002808BF70BD287901281FD166
:105C400000200026FEF730FC2079012826D195F9A6
:105C5000000040F6AC01C2F20001342200FB021049
:105C6000A66041698161BDE8704000F023BC00BFBF
:105C7000FBF71EF8002804BF0120607170BD00BF53
:105C80000020A060FAF79AFF0120E0700020FEF7E4
:105C90000BFCBDE87040FCF797BD00BFFAF78EFF24
:105CA00095F90000342100FB0140816AC162BDE822
:105CB000704000F0B7BB000070B582B040F6100431
:105CC000C2F20004E07808B102B070BD0DF103002B
:105CD0000521FEF72BF90028F6D00DF1030000F0A6
:105CE00091FD40F28801C2F2000100280870EBD457
:105CF0004FF0340E40F2200C00FB0EF3C2F2000C09
:105D000000FB0E4200FB0EC15CF803504E6855616B
:105D10008D689661CE68D5610D6916624E695562CF
:105D20008D699662CE69D5620D6A16634E6A5563B7
:105D30008D6A9663CE6AD5630D6BC2E910655CF817
:105D4000032040F6AC06C2F20006F25000FB0E60E3
:105D5000D1E901234260CA6883600B69C2604A6965
:105D600003618B694261CA6983610B6AC2614A6AD5
:105D700003628B6AC0E90923D1E90B21C0E90B2139
:105D80000120E0700020FEF78FFBFCF71DFD02B044
:105D900070BD00002DE9F04788B0D0E9053249F226
:105DA000585103AC0546C0F600012046FAF786FAC2
:105DB00040F2D409C2F20009D9E900304FF6E07A86
:105DC0004FF00008CDE9000A4FF48270822122468C
:105DD000CDF80880FFF742F8D5E905734FF478460F
:105DE000DC207A215A22CDE90076FCF7ABFCB5F92C
:105DF0001C2049F25C51C0F600012046FAF75EFA19
:105E0000D9E900308C21CDE9000A4FF48770224691
:105E1000CDF80880FFF722F8B5F9202049F260514B
:105E2000C0F600012046FAF749FAD9E90030962178
:105E3000CDE9000A4FF487702246CDF80880FFF7BD
:105E40000DF808B0BDE8F08710B50446FAF728FF52
:105E500068B16420FAF73CFF2078FCF765F82078F9
:105E600003289CBF01302070C0B2FDF77FF8FAF71D
:105E700027FF002808BF10BD6420FAF729FF20780B
:105E8000FCF752F82078022824BF01382070C0B2F5
:105E9000BDE81040FDF76AB810B540F61001C2F237
:105EA0000001C978072918BF10BD0446FAF7F8FEAB
:105EB00068B16420FAF70CFF2078FCF79FF820788F
:105EC00001289CBF01302070C0B2FDF7B9F8FAF785
:105ED000F7FE78B16420FAF7FBFE2078FCF78EF825
:105EE0002078022824BF01382070C0B2BDE81040DD
:105EF000FDF7A6B810BD00002DE9F04786B040F6CA
:105F00001001C2F20001C978092959D10446FAF7F3
:105F1000C7FE40F28805C2F2000530B36420FAF7EC
:105F2000D7FE20786979AA79EB792E7A4FF0280884
:105F30004FF023094FF01E0A19278DE8C004CDE960
:105F40000398FCF7BDF9207802289CBF013020702F
:105F50006979AA79EB792E7AC0B28DE8C004CDF8C0
:105F60000C90CDF81080FDF7E7F9FAF7A9FE38B3E9
:105F70006420FAF7ADFE20786979AA79EB792E7A58
:105F80004FF028084FF023094FF01E0A19278DE81B
:105F9000C004CDE90398FCF793F9207800281ABFD4
:105FA0000138207000206979AA79EB792E7AC0B285
:105FB0008DE8C004CDF80C90CDF81080FDF7BCF949
:105FC00006B0BDE8F08700002DE9F04184B040F64E
:105FD0001001C2F20001CA780A2A56D1044640F2E2
:105FE0008800C2F2000090F90000342200FB021386
:105FF000097903F1140540F6AC03C2F2000300294D
:1060000018BF00FB0235FAF74BFEE8B16420FAF73F
:106010005FFE2078A98AAA8B2B8C1E264FF02308BE
:1060200028278DE8C001FCF7A3F9207802289CBF3F
:1060300001302070A98AAA8B2B8CC0B2CDE90067F1
:10604000CDF80880FDF7D0F9FAF73AFEE8B1642000
:10605000FAF73EFE2078A98AAA8B2B8C1E264FF0D9
:10606000230828278DE8C001FCF782F92078022850
:1060700024BF01382070A98AAA8B2B8CC0B2CDE92D
:106080000067CDF80880FDF7AFF904B0BDE8F081F6
:1060900010B50446FAF704FE68B16420FAF718FE5A
:1060A0002078FBF7E1FF207803289CBF01302070A7
:1060B000C0B2FCF7FBFFFAF703FE002808BF10BDD3
:1060C0006420FAF705FE2078FBF7CEFF207802283F
:1060D00024BF01382070C0B2BDE81040FCF7E6BF15
:1060E00010B50446FAF7DCFD68B16420FAF7F0FD5C
:1060F0002078FCF723F8207801289CBF013020701D
:10610000C0B2FDF73DF8FAF7DBFD002808BF10BD6F
:106110006420FAF7DDFD2078FCF710F820780228DB
:1061200024BF01382070C0B2BDE81040FDF728B888
:106130002DE9F04F81B08346FAF7B2FD30B9FAF796
:10614000BFFD00283DD101B0BDE8F08F9BF8008075
:106150000020FAF797FC81460120FAF793FC0746E6
:106160000220FAF78FFC05460320FAF78BFC06465F
:10617000404649463A462B460096FCF70FF89BF8F6
:1061800000400020022C9CBF01348BF80040FAF73D
:1061900079FC80460120FAF775FC06460220FAF7E2
:1061A00071FC07460320FAF76DFC0546E0B2414654
:1061B00032463B460095FDF713F8FAF781FD0028BB
:1061C000C1D09BF8008000204FF0000AFAF75AFC7B
:1061D00081460120FAF756FC07460220FAF752FCE6
:1061E00005460320FAF74EFC0646404649463A4625
:1061F0002B460096FBF7D2FF9BF8000000281CBF3F
:10620000A0F1010A8BF800A00020FAF73BFC04463D
:106210000120FAF737FC05460220FAF733FC064660
:106220000320FAF72FFC07465FFA8AF021462A4638
:1062300033460097FCF7D4FF01B0BDE8F08F0000B3
:1062400010B540F61001C2F20001C978062918BF46
:1062500010BD0446FAF724FD68B16420FAF738FD52
:106260002078FBF7DBFF207802289CBF01302070EC
:10627000C0B2FDF70FF8FAF723FD78B16420FAF702
:1062800027FD2078FBF7CAFF2078022824BF0138B9
:106290002070C0B2BDE81040FCF7FCBF10BD00008C
:1062A0002DE9F04F89B049F25C58426AC0F6000807
:1062B00004AC054620464146FAF700F840F2D40AFD
:1062C000C2F2000ADAE900304FF6E07B4FF0000935
:1062D000CDE9000B282014212246CDF80890FEF7C6
:1062E000BDFDD5E9053249F25851C0F600012046FE
:1062F000F9F7E4FFDAE900308221CDE9000B232031
:106300002246CDF80890FEF7A9FDD5E905634FF4C4
:10631000FC670A207A215A22CDE90067FCF712FABD
:10632000EA6920464146F9F7C9FFDAE900308C21D5
:10633000CDE9000B23202246CDF80890FEF78EFD14
:10634000AA6A49F26051C0F600012046F9F7B6FF8B
:10635000DAE900309621CDE9000B1E202246CDF867
:106360000890FEF77BFD09B0BDE8F08FF0B583B073
:10637000FAF79EFC002804BF03B0F0BD0020002502
:10638000FEF792F840F61004C2F2000420790128CA
:1063900006D140F6AC00A560C2F2000004E000BFE8
:1063A000FAF70CFC04F1140040F28806C2F2000671
:1063B00096F90010342501FB050000274169816131
:1063C0000020FEF771F840F2CC00C2F20000D0E9E4
:1063D00000304FF6E071CDE900010EA230204621D9
:1063E0000297FEF73BFD4FF44870FAF771FC00206E
:1063F000FEF75AF896F9001040F6AC0201FB054092
:10640000C2F20002143001FB052103B0BDE8F040E8
:1064100000F0BEB8524553455420434F4D504C45B3
:106420005445000010B5FBF7F3FF40F61004C2F22C
:1064300000040220A4F8030040F28800C2F2000029
:1064400090F90000342100FB014040F6A801C2F29F
:106450000001097840F2E002C2F20002292301FBA8
:10646000032140F2B01291F82810C2F2000201EBB1
:106470008101143002EBC101E0602161FAF74AFBAF
:106480000020FEF711F8FCF7EFF9FCF71FFAFCF714
:10649000B9FCFBF779FCE068002808BF10BD24694F
:1064A00034B1FFF7FDFE2046BDE81040FFF772BC97
:1064B00010BD000070B588B04FF44870FAF708FCC2
:1064C00000200026FDF7F0FF40F61005C2F200059F
:1064D000A86803AC421C2CA12046F9F7EFFE40F25D
:1064E000CC00C2F20000D0E900304FF6E071CDE9F7
:1064F00000016420502122460296FEF7AFFC4FF4C3
:10650000FA70FAF7E5FB0020FDF7CEFF40F28800B5
:10651000C2F2000090F9000040F6AC01C2F20001A6
:10652000342200FB021040F2AE12C2F20002A9684F
:1065300012784FF48173B1FBF2F6A5F8033006FB35
:10654000121140F2B01201EB8101C2F2000202EB23
:10655000C101E8602961FAF7DDFA0020FDF7A4FF28
:10656000FCF782F9FCF7B2F9FCF74CFCFBF70CFCEA
:10657000E86830B12C6924B1FFF792FE2046FFF79E
:1065800009FC08B070BD00BF4D41503A25640000C1
:106590002DE9F0478CB040F2CC04C2F200048846EA
:1065A000D4E900314FF6E07A06464FF00009CDE914
:1065B000001A87A20A200A21CDF80890FEF74EFCA7
:1065C000D4E9003085A2CDE9000AB4200A21CDF833
:1065D0000890FEF743FC49F26457C0F6000704AD8B
:1065E000284639463246F9F769FE40F2D404C2F231
:1065F0000004D4E900302321CDE9000A0A202A460C
:10660000CDF80890FEF72AFC284639464246F9F7AD
:1066100055FED4E900302321CDE9000AAA202A46FC
:10662000CDF80890FEF71AFC49F23457D6E9053246
:10663000C0F6000728463946F9F740FED4E9003095
:106640003721CDE9000A0A202A46CDF80890FEF746
:1066500005FCD8E9053228463946F9F72FFED4E97A
:1066600000303721CDE9000AAA202A46CDF808904B
:10667000FEF7F4FB49F24457F269C0F600072846DA
:106680003946F9F71BFED4E900304B21CDE9000A69
:106690000A202A46CDF80890FEF7E0FBD8F81C2027
:1066A00028463946F9F70AFED4E900304B21CDE9F6
:1066B000000AAA202A46CDF80890FEF7CFFB49F23F
:1066C0003D57326AC0F6000728463946F9F7F6FD0D
:1066D000D4E900305F21CDE9000A0A202A46CDF82E
:1066E0000890FEF7BBFBD8F8202028463946F9F77A
:1066F000E5FDD4E900305F21CDE9000AAA202A4651
:10670000CDF80890FEF7AAFB49F24B57B26AC0F6E3
:10671000000728463946F9F7D1FDD4E90030732146
:10672000CDE9000A0A202A46CDF80890FEF796FB2C
:10673000D8F8282028463946F9F7C0FDD4E90030BA
:106740007321CDE9000AAA202A46CDF80890FEF769
:1067500085FB726A49F25256C0F600062846314659
:10676000F9F7ACFDD4E900308721CDE9000A0A2011
:106770002A46CDF80890FEF771FBD8F82420284669
:106780003146F9F79BFDD4E900308721CDE9000AB5
:10679000AA202A46CDF80890FEF760FBD4E9003025
:1067A00010A2CDE9000A0A209B21CDF80890FEF73F
:1067B00055FBD4E900300FA2CDE9000AAA209B21A5
:1067C000CDF80890FEF74AFB0CB0BDE8F08700BF9B
:1067D00043414D504149474E00000000454E444C56
:1067E0004553530053454C4543543A524553455441
:1067F000000000004241434B3A4558495400000014
:10680000FEE7000040F29101C2F2000191F800C0E1
:10681000BCF1000F26D010B590F800E08A1C0021D2
:1068200005E000BF01318C4502F1190214D012F8C5
:10683000013C7345F6D113784478A342F2D15378E2
:106840008478A342EED19378C478A342EAD1BDE81C
:10685000104048B2704700BFFF21BDE8104048B269
:10686000704700BFFF2148B27047000090B0FAF7B0
:106870006BFB00240120CDE90B44CDE909440690CF
:106880000A904FF4E0104FF4803102250F9006A8D3
:10689000CDE90714CDE90D51FAF7CAFC20B1EFF3A9
:1068A000108072B6FEE700BF0F20CDE90105802001
:1068B000CDE9030401A802210594FAF7DBFB28B116
:1068C000EFF3108072B600BFFEE700BF002741F271
:1068D0001800CDE90877CDE90677C4F20200016817
:1068E00040F6000841F0200101600168C4F201088F
:1068F00001F02001019101990168002241F0040199
:10690000016001684FF4467401F00401019101999E
:10691000016841F00801016000684FF4467100F021
:106920000800019001984046FAF7F4FA08F58065EE
:10693000284641F60101002241F60109FAF7EAFA78
:1069400006AE069401244FF0020A40463146CDE9D6
:106950000747CDF824A0FAF7CFF928463146CDE90C
:106960000694CDE9087AFAF7C7F94FF40C40CDE95F
:106970000607404631460894FAF7BEF90820CDE9EB
:106980000607284631460894FAF7B6F940F614107F
:1069900008F52051C2F200004FF400740A264FF4AB
:1069A000827580E8A200C0E90377C0E90574C76179
:1069B000C0E90877C0E90A76FAF73AFE20B1EFF3AA
:1069C000108072B6FEE700BF40F66C10A8F550418B
:1069D000C2F2000080E8A200C0E90377C0E90574B4
:1069E000C0E90777C0E90977C662FAF721FE28B146
:1069F000EFF3108072B600BFFEE700BF0020FDF786
:106A000053FDFDF79FFDFCF78FFDFCF767FA40F69D
:106A1000130440F6120940F6110840F2B06540F246
:106A20008A0640F2890AC2F20004C2F20009C2F2E8
:106A300000080127C2F20005C2F20006C2F2000AF5
:106A4000FFF73AF92178481E09281FD8DFE800F03F
:106A500006321E1E1036401E1E1400BF2878FCF79A
:106A600025FB2878FEF7EAFE2846FFF711FB39E000
:106A7000FFF7D0F836E000BF3078FEF763FE30460F
:106A8000FFF7A2FAFEF724FB2CE000BF01F0FE00A6
:106A9000082828D198F80000092935D199F8001064
:106AA00091B3FEF7FBFC4046FFF726FAFEF710FB1A
:106AB00018E000BFFEF706FC14E000BF3078FEF7D8
:106AC000F1FF3046FFF7BCFBFEF702FB0AE000BF18
:106AD0009AF80000FEF780FD5046FFF7DDF9FEF75B
:106AE00087FA00BF2178042907D807FA01F010F0CF
:106AF000160F02D0FEF7AAFA217804297FF4A0AF7E
:106B0000FFF734FC9CE700BFFEF702FF4046FFF7AB
:106B10000FFBFEF7AFFAE5E730380A2801D2012073
:106B2000704700207047000010B500290AD008788F
:106B3000002807D005487844F9F712FF002801D053
:106B4000002010BD0248784410BD00005A2A000001
:106B5000522A0000000000000000000030313233F3
:106B60003435363738394142434445464030580081
:106B700030313233343536373839616263646566B3
:106B8000403078000400000800000000000000020F
:106B900000010000100000000000000000010203DE
:106BA00004060708090000000000000000000000C3
:106BB00000000000000000000000000000000000D5
:106BC000000000000000000000000000000C000CAD
:106BD000000C000C000C000C000C000C000C000C55
:106BE000000C0000000C000C000000000000000081
:106BF000001B001B001B001B001B0000000000000E
:106C00000000000000000000000000000000000084
:106C1000000000008019801980198019C07FC07F92
:106C200080190033C07FC07F00330033003300334E
:106C30000000000000000000001E003F807580651D
:106C40000074003C001E000780058065806580752B
:106C5000003F001E0004000400000000007000D887
:106C600040D8C0D880D900730006000C801BC03605
:106C7000C066C046C006800300000000000000009F
:106C8000001E003F003300330033001E000CC03CE8
:106C9000C066806380618063C03E801C000000008D
:106CA00000000000000C000C000C000C000C0000A8
:106CB00000000000000000000000000000000000D4
:106CC0000000000000008000000100030006000634
:106CD0000004000C000C000C000C000C000C000464
:106CE00000060006000300018000002000100018CC
:106CF000000C000C0004000600060006000600065A
:106D000000060004000C000C001800100020000019
:106D1000000C002D003F001E0033000000000000AA
:106D20000000000000000000000000000000000063
:106D30000000000000000000000C000C000C000C23
:106D4000C0FFC0FF000C000C000C000C0000000095
:106D50000000000000000000000000000000000033
:106D60000000000000000000000000000000000023
:106D7000000C000C000400040008000000000000EB
:106D8000000000000000000000000000001E001EC7
:106D900000000000000000000000000000000000F3
:106DA00000000000000000000000000000000000E3
:106DB0000000000000000000000C000C00000000BB
:106DC00000000000000300030003000600060006A8
:106DD0000006000C000C000C000C00180018001835
:106DE0000000000000000000001E003F0033806132
:106DF00080618061806D806D806180618061003321
:106E0000003F001E00000000000000000006000E11
:106E1000001E0036002600060006000600060006DA
:106E2000000600060006000600000000000000004A
:106E3000001E003F807380618061800100030006B6
:106E4000000C001800300060807F807F0000000090
:106E500000000000001C003E006300630003000E01
:106E6000000E00038001800180618073003F001EDE
:106E700000000000000000000006000E000E001ED2
:106E8000001E0016003600360066807F807F0006F8
:106E9000000600060000000000000000007F007FE8
:106EA000006000600060006E007F806380018001F0
:106EB00080618073003F001E0000000000000000A1
:106EC000001E003F803380610060006E007F807391
:106ED0008061806180618033003F001E00000000FF
:106EE00000000000807F807F800100030003000617
:106EF0000006000C000C000C000800180018001818
:106F00000000000000000000001E003F8063806160
:106F100080610021001E003F80618061806180618E
:106F2000003F001E0000000000000000001E003FA7
:106F300000738061806180618073803F801D80016B
:106F400080610073003F001E000000000000000090
:106F50000000000000000000000C000C0000000019
:106F60000000000000000000000C000C0000000009
:106F70000000000000000000000000000000000C05
:106F8000000C00000000000000000000000C000CDD
:106F90000004000400080000000000000000800061
:106FA0008003000E003800600038000E800380006F
:106FB00000000000000000000000000000000000D1
:106FC00000000000807F807F00000000807F807FC5
:106FD00000000000000000000000000000000000B1
:106FE00000000000000000400070001C000780014D
:106FF0000007001C007000400000000000000000BE
:1070000000000000001F803FC071C060C000C001D0
:1070100080030007000E000C000C0000000C000CA8
:107020000000000000000000001E003F8031807161
:107030008063806F806D806D806F8067006000323C
:10704000003E001C0000000000000000000E000ECA
:10705000001B001B001B001B80318031803F803FE4
:107060008031C060C060C06000000000000000000F
:10707000007C007E0063006300630063007E007E8E
:107080000063806180618063007F007E00000000FB
:1070900000000000001E003F803180610060006041
:1070A000006000600060006080618031003F001E71
:1070B0000000000000000000007C007F006380638F
:1070C00080618061806180618061806100630063B4
:1070D000007E007C0000000000000000807F807FB8
:1070E0000060006000600060007F007F0060006062
:1070F00000600060807F807F0000000000000000D2
:10710000807F807F0060006000600060007F007F03
:10711000006000600060006000600060000000002F
:1071200000000000001E003F8031806100600060B0
:10713000006080638063806180618031803F001ED9
:1071400000000000000000008061806180618061BB
:1071500080618061807F807F8061806180618061EB
:10716000806180610000000000000000003F003FDF
:10717000000C000C000C000C000C000C000C000CAF
:10718000000C000C003F003F000000000000000069
:1071900080018001800180018001800180018001E7
:1071A0008001806180618073003F001E000000004C
:1071B00000000000C0608061006300660066006C33
:1071C0000078007C00660066006380618061C060BA
:1071D000000000000000000000600060006000602F
:1071E000006000600060006000600060006000609F
:1071F000807F807F0000000000000000C071C0712F
:10720000C07BC07AC06AC06AC06EC064C060C06023
:10721000C060C060C060C0600000000000000000EE
:1072200080718071807980798079806D806D806DCA
:1072300080658067806780678063806300000000EE
:1072400000000000001E003F00338061806180610B
:10725000806180618061806180610033003F001E39
:107260000000000000000000007E007F806380615D
:10727000806180618063007F007E0060006000604C
:10728000006000600000000000000000001E003FE1
:107290000033806180618061806180618061806590
:1072A00080670033803F401E0000000000000000A7
:1072B000007E007F8063806180618063007F007E4C
:1072C00000660063006380618061C06000000000B0
:1072D00000000000000E001F8031803100300038B7
:1072E000001E00078003806180618031003F001E26
:1072F0000000000000000000C0FFC0FF000C000CF8
:10730000000C000C000C000C000C000C000C000C1D
:10731000000C000C00000000000000008061806193
:107320008061806180618061806180618061806155
:1073300080618073003F001E00000000000000001C
:10734000C060C060C060803180318031001B001B94
:10735000001B001B000E000E000E000400000000C9
:1073600000000000C0C0C0C0C0C0C0C0C0C0C0CC11
:10737000804C804C805E805280528073806180613E
:107380000000000000000000C0C080608061003389
:10739000003B001E000C000C001E001F003B807113
:1073A0008061C0C00000000000000000C0C080611B
:1073B000806100330033001E001E000C000C000C26
:1073C000000C000C000C000C00000000000000008D
:1073D000803F803F8001000300030006000C000C8A
:1073E0000018001800300060807F807F00000000DF
:1073F0000000000F000F000C000C000C000C000C33
:10740000000C000C000C000C000C000C000C000C1C
:10741000000C000F000F0000001800180018000CEE
:10742000000C000C000C000600060006000600031D
:1074300000030003000000000000001E001E000604
:10744000000600060006000600060006000600060C
:1074500000060006000600060006001E001E0000D2
:10746000000C000C001E00120033003380618061AC
:10747000000000000000000000000000000000000C
:1074800000000000000000000000000000000000FC
:1074900000000000000000000000000000000000EC
:1074A0000000E0FF0000000000380018000C0000A1
:1074B00000000000000000000000000000000000CC
:1074C00000000000000000000000000000000000BC
:1074D00000000000001F803F80618001801F803F0E
:1074E00080618063807FC0380000000000000000E1
:1074F0000060006000600060006E007F807380614B
:107500008061806180618073007F006E00000000F8
:10751000000000000000000000000000001E003F0E
:10752000807380610060006080618073003F001E96
:107530000000000000000000800180018001800147
:10754000801D803F80738061806180618061807375
:10755000803F801D000000000000000000000000CF
:1075600000000000001E003F00738061807F807F6C
:1075700000608071003F001E00000000000000005D
:10758000C007C00F000C000C807F807F000C000C37
:10759000000C000C000C000C000C000C00000000A3
:1075A00000000000000000000000801D803F80738C
:1075B00080618061806180618073803F801D800177
:1075C0008063007F003E000000600060006000609B
:1075D000006F807F807180618061806180618061E7
:1075E00080618061000000000000000000060006CD
:1075F00000000000003E003E0006000600060006F7
:10760000000600060006000600000000000000065C
:10761000000600000000003E003E000600060006D6
:107620000006000600060006000600060046007E72
:10763000003C00000060006000600060806100634A
:107640000066006C007C0076006300638061C060AF
:107650000000000000000000003E003E00060006A2
:1076600000060006000600060006000600060006EA
:1076700000060006000000000000000000000000FE
:107680000000000080DDC0FFC0CEC0CCC0CCC0CCAC
:10769000C0CCC0CCC0CCC0CC0000000000000000BA
:1076A0000000000000000000006F807F807180619A
:1076B0008061806180618061806180610000000084
:1076C000000000000000000000000000001E003F5D
:1076D000807380618061806180618073003F001EE3
:1076E0000000000000000000000000000000006E2C
:1076F000007F807380618061806180618073007F22
:10770000006E00600060006000600000000000008B
:107710000000801D803F8073806180618061806196
:107720008073803F801D8001800180018001000006
:1077300000000000000000000067803F00390030BA
:107740000030003000300030003000300000000019
:10775000000000000000000000000000001E803F4C
:1077600080610060007F803F80018061007F001E9B
:1077700000000000000000000000000800180018D1
:10778000007F007F0018001800180018001800186B
:10779000801F800F000000000000000000000000BB
:1077A0000000000080618061806180618061806193
:1077B00080618063807F803D000000000000000049
:1077C0000000000000000000C06080318031803186
:1077D000001B001B001B000E000E00060000000036
:1077E00000000000000000000000000080DD80DDDF
:1077F00080DD0055005500550077007700220022FB
:107800000000000000000000000000000000000078
:10781000806100330033001E000C000C001E00339A
:107820000033806100000000000000000000000044
:10783000000080618061803100330033001B001B39
:10784000001B000E000E000E001C007C00700000EB
:107850000000000000000000C07FC07F8001000326
:107860000006000C00180030C07FC07F0000000040
:1078700000008003800700060006000600060006E0
:10788000000E001C001C000E00060006000600068C
:1078900000068007800300060006000600060006BA
:1078A00000060006000600060006000600060006A8
:1078B000000600060006000600060038003C000C2A
:1078C000000C000C000C000C000E00070007000E5E
:1078D000000C000C000C000C000C003C00380000F8
:1078E0000000000000000000000000008038807FE1
:1078F0000047000000000000000000000000000041
:107900000000000000000000000000000000000077
:107910000000000000000000000000000000000067
:107920000000000000000000000000000000000057
:10793000000000000000E003E003E003E003E003D8
:10794000E003E003E003C003C003C001C001C001C5
:10795000C001C001000000000000E003E003E003FC
:10796000000000000000000000003C1E3C1E3C1E09
:107970003C1E3C1E3C1E3C1E00000000000000009F
:1079800000000000000000000000000000000000F7
:107990000000000000000000000000000000CE0118
:1079A000CE03DE039E039C039C07FF3FFF7F380747
:1079B000380F780F780F780EFFFFFFFFF01EF01CD6
:1079C000E01CE03CE03DE039000000000000000069
:1079D0000000FC03FE0FEE1FE01EE01EE01EE01E96
:1079E000E01FE00FE007F003FC01FE01FE01FE01D5
:1079F000FE01FE01FE01FE3DFC3FF00FE001E00153
:107A0000000000000000033E07F78FE78EE79EE3CB
:107A1000BCE3B8E7F8E7F0F7E03FC001FF03FF077A
:107A2000F307F30FF31EF33CF338F3787FF03FE0F6
:107A300000000000000000000000E007F80F780FD1
:107A4000781F781F781F780FF00FE00F801FC37F1B
:107A5000C3FBE7F3F7F1F7F0FFF07FF03EF87F7C30
:107A6000FF3FEF1F00000000000000000000E003E7
:107A7000E003E003E003E003C003C00100000000F6
:107A800000000000000000000000000000000000F6
:107A900000000000000000000000000000000000E6
:107AA00000003F007C00F001E001C003C007800738
:107AB0008007800F000F000F000F000F000F000F56
:107AC000800F80078007C007C003E001F0017C0041
:107AD0003F000F000000007E001FC007C003E00150
:107AE000F001F000F000F8007800780078007800ED
:107AF00078007800F800F000F000F001E001C00329
:107B0000C007001F007E00780000E003C003C00132
:107B1000CE39FF3F7F3F20037003F807780F3C1FEB
:107B20003806000000000000000000000000000017
:107B30000000000000000000000000000000000045
:107B400000000000000000000000C001C001C001F2
:107B5000C001C001C001C001FFFFFFFFC001C001A3
:107B6000C001C001C001C001000000000000000011
:107B70000000000000000000000000000000000005
:107B800000000000000000000000000000000000F5
:107B900000000000E003E003E003E003E001E00197
:107BA000E001C001800300000000000000000000B0
:107BB000000000000000000000000000FE3FFE3F4B
:107BC00000000000000000000000000000000000B5
:107BD00000000000000000000000000000000000A5
:107BE0000000000000000000000000000000000095
:107BF000000000000000000000000000E003E003BF
:107C0000E003E003000000000000000000000F009F
:107C10000F001E001E003C003C0078007800F000C1
:107C2000F000E001E001C003C00380078007000FFF
:107C3000000F001E001E003C003C0078007800F0A1
:107C40000000F007F80F7C1F3E3E1E3C1F7C1F7C8F
:107C50000F780F780F780F780F780F780F781F7CD8
:107C60001F7C1E3C3E3E7C1FF80FF007000000000A
:107C7000000000000000F000F007F03FF03FF001CE
:107C8000F001F001F001F001F001F001F001F0016C
:107C9000F001F001F001F001F001F001FF3FFF3FC2
:107CA00000000000000000000000E00FF83F7C3CF6
:107CB0003C003E003E003E003C003C007C00F800E2
:107CC000F001E003C0078007000F001E003E003CEB
:107CD000FE3FFE3F00000000000000000000F00F2B
:107CE000F81F7C1C3E003E003E003C003C00F800BB
:107CF000F00FF80F7C003E001E001E001E001E004C
:107D00003E007C1CF81FE01F000000000000000087
:107D100000007800F800F800F801F803F807F80709
:107D2000780F781E781E783C78787878FFFFFFFF10
:107D30007800780078007800780078000000000073
:107D4000000000000000FC1FFC1FFC1F001E001EA6
:107D5000001E001E001EE01FF81FFC007C003E00FD
:107D60003E001E003E003E003C007C1CF81FE01F51
:107D700000000000000000000000FC01FE078E0F64
:107D8000001F001E003E003C003CF83DFC3F3E7FD3
:107D90001F7E0F3C0F3C0F3C0F3C0F3E1F1E3E1F33
:107DA000FC0FF00300000000000000000000FF3F97
:107DB000FF3FFF3F0F001E001E003C003800780010
:107DC000F000F000E001E001C003C0038007800F75
:107DD000800F000F001F001F0000000000000000C7
:107DE0000000F807FC0F3E1F1E1E1E3E1E3E1E1EFC
:107DF0003C1FF80FF007F80FFC1E3E3E1F3C1F7C97
:107E00000F7C0F7C1F3C3E3FFC1FF0070000000072
:107E1000000000000000F007F80F7C1E3E3C1E3CF6
:107E20001F7C1F7C1F7C1F7C1F3C3F3EFF1FEF07FA
:107E30001F001E001E003E003C00F838F03FE01F0F
:107E40000000000000000000000000000000000032
:107E5000000000000000E003E003E003E003000096
:107E6000000000000000000000000000E003E0034C
:107E7000E003E0030000000000000000000000003C
:107E800000000000000000000000E003E003E00349
:107E9000E0030000000000000000000000000000FF
:107EA000E003E003E003E003E001E001E001C003E0
:107EB000800300000000000000000000000003003C
:107EC0000F003F00FC00F003C00F003F00FE003F2A
:107ED000C00FF003FC003F000F0003000000000093
:107EE0000000000000000000000000000000000092
:107EF00000000000000000000000FFFFFFFF000086
:107F000000000000FFFFFFFF000000000000000075
:107F10000000000000000000000000000000000061
:107F200000000000000000E000F8007E801FE00775
:107F3000F8017E001F007E00F801E007801F007E30
:107F400000F800E000000000000000000000F01F4A
:107F5000FC3F3E381F381F381E001E003C007800D2
:107F6000F000E001C003C003C007C007000000002C
:107F70000000C007C007C0070000000000000000AC
:107F80000000F803FE0F1E1F0F3E7F3CFF78EF79C5
:107F9000C773C7F38FF38FF38FF39FF39FF3FF73D1
:107FA000FF7BF779003C1C1FFC0FF803000000006A
:107FB000000000000000000000000000E003E003FB
:107FC000F007F007F007780F780F7C0E3C1E3C1E80
:107FD0003E3CFE3FFF3F1F780F780FF007F007F0A1
:107FE0000000000000000000000000000000000091
:107FF000F83FFC3F3E3C1E3C1E3C1E3C3E3C7C3C55
:10800000F03FF83F7E3C1F3C1F3C0F3C0F3C1F3CA9
:10801000FE3FF83F000000000000000000000000EC
:1080200000000000FF01FF07871F003E003C007CAE
:1080300000780078007800780078007C007C003EB2
:10804000003F831FFF07FF01000000000000000049
:108050000000000000000000F07FFC7F7E781F78A9
:108060001F780F780F780F780F780F780F780F78C8
:108070000F781F781E787E78F87FE07F0000000080
:10808000000000000000000000000000FF3FFF3F74
:10809000003E003E003E003E003E003EFE3FFE3FF2
:1080A000003E003E003E003E003E003EFF3FFF3FE0
:1080B00000000000000000000000000000000000C0
:1080C000FF1FFF1F001E001E001E001E001E001EC0
:1080D000FF1FFF1F001E001E001E001E001E001EB0
:1080E000001E001E00000000000000000000000054
:1080F00000000000FE03FF0F871F003E007C007C95
:10810000007800F800F87FF87FF80F780F7C0F7C7C
:108110000F3E8F1FFF0FFE03000000000000000055
:1081200000000000000000001F7C1F7C1F7C1F7CE3
:108130001F7C1F7C1F7C1F7CFF7FFF7F1F7C1F7CA1
:108140001F7C1F7C1F7C1F7C1F7C1F7C000000008D
:10815000000000000000000000000000FF3FFF3FA3
:10816000E003E003E003E003E003E003E003E003F7
:10817000E003E003E003E003E003E003FF3FFF3F31
:1081800000000000000000000000000000000000EF
:10819000FC1FFC1F7C007C007C007C007C007C00C1
:1081A0007C007C007C007C007C0078007800F83843
:1081B000F03FC03F00000000000000000000000091
:1081C000000000001F3C1E3C3C3C783CF03CE03D85
:1081D000E03FC03F803FC03FE03FF03DF03C783C97
:1081E0007C3C3E3C1F3C0F3C0000000000000000B7
:1081F0000000000000000000003E003E003E003E87
:10820000003E003E003E003E003E003E003E003E7E
:10821000003E003E003E003EFF3FFF3F00000000EA
:108220000000000000000000000000001FF81FFC1C
:108230001FFC3FFE3FFE3FFE7FFF77FF77FFF7F714
:10824000E7F7E7F3E7F3C7F307F007F007F007F006
:10825000000000000000000000000000000000001E
:108260000F7C0F7C0F7E0F7F0F7F8F7F8F7FCF7FE5
:10827000EF7BEF79FF79FF78FF787F783F783F7861
:108280001F781F78000000000000000000000000C0
:1082900000000000F007FC1F3E3E1F7C0F780F78A7
:1082A0000FF80FF80FF80FF80FF80FF80F780F7896
:1082B0001F7C3E3EFC1FF007000000000000000095
:1082C0000000000000000000FC3FFF3F1F3E0F3E8B
:1082D0000F3E0F3E0F3E1F3E3F3EFC3FF03F003E35
:1082E000003E003E003E003E003E003E000000001A
:1082F000000000000000000000000000F007FC1F6C
:108300003E3E1F7C0F780F780FF80FF80FF80FF82C
:108310000FF80FF80F780F781F7C3E3EFC1FF80710
:108320007C003F000F000300000000000000000080
:10833000F03FFC3F7E3C3E3C1E3C1E3C3E3C3C3CF9
:10834000FC3CF03FE03FF03DF83C7C3C3E3C1E3CBA
:108350001F3C0F3C00000000000000000000000077
:1083600000000000FC07FE1F0E3E003C003C003CED
:10837000003EC01FF80FFE037F001F000F000F001C
:108380001F203E3CFC3FF01F0000000000000000EA
:108390000000000000000000FFFFFFFFE003E0031B
:1083A000E003E003E003E003E003E003E003E003B5
:1083B000E003E003E003E003E003E003000000006B
:1083C0000000000000000000000000000F7C0F7C97
:1083D0000F7C0F7C0F7C0F7C0F7C0F7C0F7C0F7C45
:1083E0000F7C0F7C0F7C1E3C1E3C3E3EFC1FF007AA
:1083F000000000000000000000000000000000007D
:1084000007F007F007F80F780F7C1E3C1E3C1E3E5D
:108410003C1E3C1F781F780FF80FF007F007F0079D
:10842000E003E00300000000000000000000000086
:108430000000000003E003F003F007F0E7F3E7F3C8
:10844000E7F3E773F77BF77FFF7F7F7F7F7F7E7F99
:108450007E3F3E3E3E3E3E3E0000000000000000EB
:10846000000000000000000007F80F7C1E3E3E3EAA
:108470003C1FF80FF007E007E003E003F007F80FF8
:108480007C0F7C1E3E3C1F780F780FF00000000030
:1084900000000000000000000000000007F807785E
:1084A0000F7C1E3C1E3E3C1F780FF80FF007E003C8
:1084B000E003E003E003E003E003E003E003E003A4
:1084C00000000000000000000000000000000000AC
:1084D000FF7FFF7F0F001F003E007C00F800F000D0
:1084E000E001E003C007800F000F001E003E007C8B
:1084F000FF7FFF7F00000000000000000000FF077A
:108500008007800780078007800780078007800733
:108510008007800780078007800780078007800723
:10852000800780078007800780078007FF07FF0715
:10853000000000780078003C003C001E001E000F88
:10854000000F80078007C003C003E001E001F000D6
:10855000F000780078003C003C001E001E000F0078
:108560000F0007000000F07FF000F000F000F000C6
:10857000F000F000F000F000F000F000F000F0007B
:10858000F000F000F000F000F000F000F000F0006B
:10859000F000F000F07FF07F0000C000C001C001DB
:1085A000E003E003F007F0077807780F380F3C1E70
:1085B0003C1E1E3C1E3C0F380F7807780000000060
:1085C00000000000000000000000000000000000AB
:1085D000000000000000000000000000000000009B
:1085E000000000000000000000000000000000008B
:1085F0000000000000000000FFFFFFFF000000007F
:108600000000F0000000000000000000000000007A
:10861000000000000000000000000000000000005A
:10862000000000000000000000000000000000004A
:10863000000000000000000000000000000000003A
:108640000000F80FFC3F7C3C3E003E003E00FE0771
:10865000FE1F3E3E3E7C3E783E7C7E7CFF3FCF1F31
:1086600000000000000000000000003C003C003C56
:10867000003C003C003CF83DFE3F3E3F1F3E0F3CAF
:108680000F3C0F3C0F3C0F3C0F3C1F3C1E3C3E3F41
:10869000FC3FF03B00000000000000000000000074
:1086A00000000000000000000000FE03FF0F871F15
:1086B000003E003E003C007C007C007C003C003E14
:1086C000003E871FFF0FFE030000000000000000B7
:1086D00000001F001F001F001F001F001F00FF07DA
:1086E000FF1F3F3E1F3C1F7C1F7C1F7C1F781F7895
:1086F0001F7C1F7C3F3C7F3EFF1FDF0F0000000000
:108700000000000000000000000000000000000069
:108710000000F803FC0F3E1F1E3E1F3C1F7CFF7F26
:10872000FF7F007C007C003C003E071FFF0FFE0324
:1087300000000000000000000000FF01E103C00392
:10874000C007C007C007FF7FFF7FC007C007C00783
:10875000C007C007C007C007C007C007C007C007E1
:10876000C007C0070000000000000000000000007B
:1087700000000000000000000000EF07FF1F7F3E28
:108780001F3C1F7C1F7C1F781F781F781F7C1F7C5D
:108790003F3C7F3EFF1FDF0F1E001E001E007C3887
:1087A000F83F003C003C003C003C003C003CFC3DF1
:1087B000FE3F9E3F1F3F1F3E1F3C1F3C1F3C1F3C78
:1087C0001F3C1F3C1F3C1F3C1F3C1F3C0000000087
:1087D000000000000000F001F001000000000000B7
:1087E0000000E07FE07FE001E001E001E001E00166
:1087F000E001E001E001E001E001E001E001E00171
:1088000000000000000000000000F800F800000078
:10881000000000000000F83FF83FF800F800F80002
:10882000F800F800F800F800F800F800F800F80088
:10883000F800F800F800F800F000F071E07F003C6C
:10884000003C003C003C003C003C1F3C3E3C7C3C6F
:10885000F83CF03DE03DC03FC03FE03FF03DF83C1C
:108860007C3C3E3C1F3C1F3C000000000000000020
:108870000000F07FF001F001F001F001F001F001E3
:10888000F001F001F001F001F001F001F001F00160
:10889000F001F001F001F001F001F0010000000032
:1088A00000000000000000000000000000000000C8
:1088B00000009EF7FFFFFFFFFFFFE7FBE7F9C7F1AF
:1088C000C7F1C7F1C7F1C7F1C7F1C7F1C7F1C7F1E8
:1088D0000000000000000000000000000000000098
:1088E000000000000000FC3DFE3F9E3F1F3F1F3E7A
:1088F0001F3C1F3C1F3C1F3C1F3C1F3C1F3C1F3CA0
:108900001F3C1F3C000000000000000000000000B1
:1089100000000000000000000000F007FC1F3E3EC9
:108920001F3C1F7C0F780F780F780F780F781F7C13
:108930001F3C3E3EFC1FF00700000000000000004E
:108940000000000000000000000000000000F83DF2
:10895000FE3F3E3F1F3E0F3C0F3C0F3C0F3C0F3C89
:108960000F3C1F3C1E3E3E3FFC3FF83F003C003C9E
:10897000003C003C003C0000000000000000000043
:108980000000EE07FE1F7E3E1E3C1E7C1E781E78F9
:108990001E781E781E781E7C3E7C7E3EFE1FDE0FFB
:1089A0001E001E001E001E001E0000000000000031
:1089B0000000000000007F1FFF1FE71FC71F871F69
:1089C000001F001F001F001F001F001F001F001FAF
:1089D000001F001F00000000000000000000000059
:1089E00000000000000000000000FC07FE1F0E1E3B
:1089F000003E003E003FE01FFC07FE003E001E0060
:108A00001E003E3CFC3FF01F000000000000000084
:108A10000000000000000000800780078007FF7F43
:108A2000FF7F800780078007800780078007800717
:108A3000800780078007C007FF03FF0100000000D8
:108A40000000000000000000000000000000000026
:108A500000001E3C1E3C1E3C1E3C1E3C1E3C1E3CA0
:108A60001E3C1E3C1E3C3E3C7E3CFE3EFE1FDE0F7E
:108A700000000000000000000000000000000000F6
:108A800000000000000007F00F780F781E3C1E3C2D
:108A90001E3E3C1E3C1E780F780FF00FF007F007CB
:108AA000E003E00300000000000000000000000000
:108AB0000000000000000000000003F0E3F1E3F319
:108AC000E7F3F7F3F7F3F77F777F7F7F7F7F7F7F92
:108AD0003E3E3E3E3E3E3E3E0000000000000000A6
:108AE00000000000000000000000000000000F7CFB
:108AF0001E3E3C3E3C1FF80FF007F007E003F00776
:108B0000F807F80F7C1E3E3E1F3C1F780000000057
:108B10000000000000000000000000000000000055
:108B2000000007F80F780F7C1E3C1E3C3C1E3C1ECC
:108B30003C1F780FF80FF007F007E003E003C003D5
:108B4000C003C0038007800F007F0000000000000A
:108B5000000000000000FF3FFF3F1F003E007C00C0
:108B6000F800F001E003C007800F001F001E003C6A
:108B7000FF7FFF7F00000000000000000000FE01FA
:108B8000E003C003C003C003C003E001E001E00153
:108B9000C001C003803F803FC003C001E001E0018D
:108BA000E001C003C003C003C003E003FE017E0078
:108BB0000000C001C001C001C001C001C001C0016E
:108BC000C001C001C001C001C001C001C001C0019D
:108BD000C001C001C001C001C001C001C001C0018D
:108BE000C001C0010000C03FE003E001E001E0017E
:108BF000E001C001C003C003C001E001FE00FE00AF
:108C0000E001C001C003C003C001E001E001E001D8
:108C1000E001E003C03F003F000000000000000052
:108C20000000000000000000000000000000000044
:108C3000073FC77FE773FFF17EF0000000000000F0
:108C40000000000000000000000000000000000024
:108C50000000000000000000000000000000000014
:108C600000000010001000100010001000100000A4
:108C7000001000000000002800280028000000006C
:108C80000000000000000000000000240024007C20
:108C900000240048007C0048004800000000003824
:108CA00000540050003800140054005400380010E4
:108CB0000000002000540058003000280054001428
:108CC00000080000000000100028002800100034F8
:108CD00000480048003400000000001000100010A0
:108CE000000000000000000000000000000000087C
:108CF0000010002000200020002000200020001094
:108D00000008002000100008000800080008000803
:108D1000000800100020001000380010002800009B
:108D20000000000000000000000000000000001033
:108D30000010007C00100010000000000000000087
:108D40000000000000000000000000000010001003
:108D500000100000000000000000000000380000CB
:108D60000000000000000000000000000000000003
:108D700000000000001000000000000800080010C3
:108D8000001000100010002000200000000000383B
:108D900000440044005400440044004400380000F3
:108DA00000000010003000500010001000100010F3
:108DB00000100000000000380044004400040008D7
:108DC00000100020007C0000000000380044000477
:108DD00000180004000400440038000000000008EF
:108DE0000018002800280048007C00080008000047
:108DF0000000007C004000400078000400040044B3
:108E000000380000000000380044004000780044B2
:108E100000440044003800000000007C000400080A
:108E2000001000100020002000200000000000388A
:108E3000004400440038004400440044003800006E
:108E400000000038004400440044003C000400449A
:108E500000380000000000000000001000000000CA
:108E600000000000001000000000000000000000F2
:108E700000100000000000000010001000100000B2
:108E80000000000C003000400030000C000000002A
:108E90000000000000000000007C0000007C0000DA
:108EA0000000000000000000000000600018000446
:108EB00000180060000000000000003800440004BA
:108EC0000008001000100000001000000000003832
:108ED0000044004C0054005C00400040003800009A
:108EE000000000100028002800280028007C004412
:108EF0000044000000000078004400440078004472
:108F000000440044007800000000003800440040A5
:108F100000400040004000440038000000000070A5
:108F20000048004400440044004400480070000031
:108F30000000007C00400040007C004000400040F9
:108F4000007C00000000007C0040004000780040F1
:108F50000040004000400000000000380044004095
:108F60000040005C00440044003800000000004461
:108F700000440044007C00440044004400440000DD
:108F80000000003800100010001000100010001049
:108F90000038000000000004000400040004000485
:108FA0000004004400380000000000440048005065
:108FB00000600050004800480044000000000040ED
:108FC000004000400040004000400040007C0000A5
:108FD00000000044006C006C005400440044004455
:108FE0000044000000000044006400640054005489
:108FF000004C004C004400000000003800440044D5
:1090000000440044004400440038000000000078A0
:10901000004400440044007800400040004000004C
:109020000000003800440044004400440044005460
:109030000038000400000078004400440044007838
:109040000048004800440000000000380044004090
:109050000030000800040044003800000000007CDC
:109060000010001000100010001000100010000090
:109070000000004400440044004400440044004414
:10908000003800000000004400440044002800288C
:1090900000280010001000000000004400440054AC
:1090A00000540054006C0028002800000000004418
:1090B00000280028001000100028002800440000AC
:1090C0000000004400440028002800100010001098
:1090D000001000000000007C0004000800100010D8
:1090E00000200040007C000000000018001000106C
:1090F00000100010001000100010001000180020D8
:1091000000200010001000100010000800080000EF
:1091100000000030001000100010001000100010BF
:10912000001000100030001000280028004400004B
:10913000000000000000000000000000000000002F
:1091400000000000000000000000000000FE002001
:1091500000100000000000000000000000000000FF
:1091600000000000000000380044003C0044004CB7
:10917000003400000000004000400058006400443B
:1091800000440064005800000000000000000038A7
:10919000004400400040004400380000000000048B
:1091A00000040034004C00440044004C0034000033
:1091B00000000000000000380044007C0040004433
:1091C000003800000000000C0010007C00100010AF
:1091D000001000100010000000000000000000342B
:1091E000004C00440044004C00340004007800406F
:1091F0000040005800640044004400440044000063
:10920000000000100000007000100010001000109E
:10921000001000000000001000000070001000109E
:10922000001000100010001000E000400040004856
:109230000050006000500048004400000000007032
:1092400000100010001000100010001000100000AE
:109250000000000000000078005400540054005446
:1092600000540000000000000000005800640044AA
:1092700000440044004400000000000000000038EA
:109280000044004400440044003800000000000096
:10929000000000580064004400440064005800408E
:1092A0000040000000000034004C00440044004C2A
:1092B0000034000400040000000000580064004076
:1092C00000400040004000000000000000000038A6
:1092D0000044003000080044003800000000002076
:1092E000002000780020002000200020001800004E
:1092F0000000000000000044004400440044004C12
:109300000034000000000000000000440044002879
:109310000028002800100000000000000000005499
:1093200000540054006C00280028000000000000D9
:109330000000004400280010001000280044000035
:109340000000000000000044004400280028001035
:1093500000100010006000000000007C00080010F9
:1093600000200040007C00000000001800100010E9
:109370000010002000200010001000100018001045
:10938000001000100010001000100010001000105D
:10939000001000300010001000100008000800103D
:1093A0000010001000300000000000000074004CAD
:1093B000000000000000000000000102020304059C
:1093C000060708090A0B0C0D0E0F101041544B3AFA
:1093D000200048503A20004558503A200052464953
:1093E000442047414D4500465245455A45005345A6
:1093F0005454494E47004241434B0043414D504174
:1094000049474E0042555920504F54494F4E004E47
:109410004F0053484F5000434F554E54455200594A
:10942000455300454E444C45535300425559205333
:1094300054415453004E455854005B444546454EF4
:1094400053455D005B41545441434B5D005B534BBE
:10945000494C4C5D005B504F54494F4E5D0050529B
:109460004943453A20256400444546454E53453A14
:109470002025640041545441434B3A202564004662
:1094800049524520504F54494F4E3A2025640048D8
:1094900045414C20504F54494F4E3A2025640050CE
:1094A0004F57455220504F54494F4E3A20256400A3
:1094B00050524F5445435420504F54494F4E3A2038
:1094C0002564004D41582048503A20256400202052
:1094D000485020506F74696F6E202020202078251E
:1094E000640020204669726520506F74696F6E2099
:1094F0002020782564002020506F77657220506FFF
:1095000074696F6E202078256400202050726F747B
:1095100065637420506F74696F6E78256400474FDF
:109520004C443A20256C64004F5554204F46204748
:109530004F4C440048503A25642F2564004445466A
:109540003A25640041544B3A2564004558503A2569
:1095500064004C563A2564002533642F253364009B
:10956000253564004E616D653A20257300000000CA
:10957000A096000800000020B80600005001000876
:1095800090990008B806002018090000B0010008F2
:109590001001000043000000F8FFFFFF00404040C2
:1095A00040404040404041414141414040404040B6
:1095B0004040404040404040404040404005020262
:1095C0000202020202020202020202020220202021
:1095D000202020202020200202020202020290907D
:1095E000909090901010101010101010101010107B
:1095F00010101010101010100202020202028888CF
:1096000088888888080808080808080808080808DA
:1096100008080808080808080202020240000000C2
:10962000000000000000000000000000000000003A
:10963000000000000000000000000000000000002A
:10964000000000000000000000000000000000001A
:10965000000000000000000000000000000000000A
:1096600000000000000000000000000000000000FA
:1096700000000000000000000000000000000000EA
:1096800000000000000000000000000000000000DA
:1096900000000000000000000000000000000000CA
:1096A000320132102908BA0102213202D008576172
:1096B0007272696F725A5A0432125A053CC1E757E6
:1096C000697A6172645A3C045A2058E9345BFF019C
:1096D00001F00C021A0102025573657220313D0738
:1096E000F6290719E2321B010B8913A66B1C08101F
:1096F0001A5C12792408070A134E8C120813127A86
:10970000DE53544147454BF7464F52455354492980
:10971000C95B0912294A0129D23305104341564534
:109720004A02290A1F34294A0329DA3529DC53540D
:109730004C2B14040520F6536C696D655A2D0412E8
:10974000081202320F2A0ACFC0086B656C65746F6D
:109750006E5A3C04120C12033214292CDE5A6F6D1F
:109760006269515A5004120F1205321E292C04113D
:109770004F72635A64041214120632233219F654DB
:10978000726F6C6C5A78041A19A232322954CF566F
:10979000616D706972795A96041A1CC229A8322820
:1097A000C00957657265776F6C665AB4041A20CA8F
:1097B000324B2954CC44656DED315AC8041A23CA82
:1097C0005A5AFCED44726167295AFA0412283A1277
:1097D000A829FCF64769616E744B2C01041A2DF21E
:1097E00029A829FCF648796472611A5E2429041AB2
:1097F00032F229802954C0094D696E6F7461757207
:109800001A9024290412373A1E8029542F50686F69
:10981000656E6932A11AC22429041A3CCA2980291A
:10982000FCDE4B72616B65C81AF41C29041A41CA2C
:109830002958297CDD5469746127114B5802041A98
:1098400046CA2930297CB8084C6576696174682C51
:109850001ABC2429041A4BCA2930297CC009426544
:1098600068656D6F74684B2003041A50CA2930294B
:10987000FCC00943657262657275731A84242904F9
:109880001A55CA293029A4D0084368696D657261E8
:109890001AE81C29041A5ACA293029FCCE4D6564DD
:1098A000757327114B4C04041A5FCA293029CCDE8A
:1098B000476F626C69F15A4604120D120432193274
:1098C0000F0510576F6C665A5F0412121207322888
:1098D000292CDE447261676F505AB404121E1A0CB0
:1098E000F4212A328C04106F72641A189029041221
:1098F0002A12113296292104114261745A37041236
:109900000B12033214320A04114F72635A7D04128F
:10991000173A0930321EF654726F6C6C5ABE041A34
:109920001EF25A55A0EC44656DC7111A049C290417
:109930001A26A0327829CCED54697461281A68245B
:1099400029041232121632C8292CE7577261697441
:10995000685AE604122D120E5A8250DE4B72616B69
:1099600065511AAE4C2904123A3A18802A96A090F2
:109970000B7261676F6E204B696E674B2602041A8B
:1099800044CA1A5E28297C19075100000000000013
:04000005080000ED02
:00000001FF
